organism,u_G,wang_nutrient_quality,realized_eff_resp,realized_eff_glyc,margin,verdict,crossing_point_uG,crossing_point_wang_q
ecoli,0.01,0.99,0.12739999999999999,0.0046,0.12279999999999999,respiration,0.2769565217391304,0.7230434782608697
ecoli,0.014974874371859296,0.9850251256281407,0.12739999999999999,0.006888442211055276,0.1205115577889447,respiration,0.2769565217391304,0.7230434782608697
ecoli,0.019949748743718593,0.9800502512562814,0.12739999999999999,0.009176884422110553,0.11822311557788943,respiration,0.2769565217391304,0.7230434782608697
ecoli,0.024924623115577887,0.9750753768844221,0.12739999999999999,0.011465326633165828,0.11593467336683416,respiration,0.2769565217391304,0.7230434782608697
ecoli,0.029899497487437185,0.9701005025125629,0.12739999999999999,0.013753768844221106,0.11364623115577888,respiration,0.2769565217391304,0.7230434782608697
ecoli,0.03487437185929648,0.9651256281407035,0.12739999999999999,0.01604221105527638,0.1113577889447236,respiration,0.2769565217391304,0.7230434782608697
ecoli,0.03984924623115578,0.9601507537688442,0.12739999999999999,0.01833065326633166,0.10906934673366833,respiration,0.2769565217391304,0.7230434782608697
ecoli,0.04482412060301508,0.9551758793969849,0.12739999999999999,0.020619095477386936,0.10678090452261305,respiration,0.2769565217391304,0.7230434782608697
ecoli,0.049798994974874375,0.9502010050251256,0.12739999999999999,0.022907537688442215,0.10449246231155777,respiration,0.2769565217391304,0.7230434782608697
ecoli,0.05477386934673367,0.9452261306532663,0.12739999999999999,0.02519597989949749,0.1022040201005025,respiration,0.2769565217391304,0.7230434782608697
ecoli,0.05974874371859297,0.940251256281407,0.12739999999999999,0.027484422110552766,0.09991557788944722,respiration,0.2769565217391304,0.7230434782608697
ecoli,0.06472361809045227,0.9352763819095478,0.12739999999999999,0.029772864321608045,0.09762713567839194,respiration,0.2769565217391304,0.7230434782608697
ecoli,0.06969849246231155,0.9303015075376885,0.12739999999999999,0.032061306532663314,0.09533869346733667,respiration,0.2769565217391304,0.7230434782608697
ecoli,0.07467336683417085,0.9253266331658292,0.12739999999999999,0.03434974874371859,0.09305025125628139,respiration,0.2769565217391304,0.7230434782608697
ecoli,0.07964824120603015,0.9203517587939698,0.12739999999999999,0.03663819095477387,0.09076180904522611,respiration,0.2769565217391304,0.7230434782608697
ecoli,0.08462311557788944,0.9153768844221105,0.12739999999999999,0.038926633165829144,0.08847336683417084,respiration,0.2769565217391304,0.7230434782608697
ecoli,0.08959798994974874,0.9104020100502512,0.12739999999999999,0.04121507537688442,0.08618492462311556,respiration,0.2769565217391304,0.7230434782608697
ecoli,0.09457286432160804,0.905427135678392,0.12739999999999999,0.0435035175879397,0.08389648241206028,respiration,0.2769565217391304,0.7230434782608697
ecoli,0.09954773869346734,0.9004522613065327,0.12739999999999999,0.045791959798994974,0.08160804020100501,respiration,0.2769565217391304,0.7230434782608697
ecoli,0.10452261306532663,0.8954773869346734,0.12739999999999999,0.048080402010050254,0.07931959798994972,respiration,0.2769565217391304,0.7230434782608697
ecoli,0.10949748743718593,0.8905025125628141,0.12739999999999999,0.05036884422110553,0.07703115577889445,respiration,0.2769565217391304,0.7230434782608697
ecoli,0.11447236180904523,0.8855276381909548,0.12739999999999999,0.052657286432160805,0.07474271356783918,respiration,0.2769565217391304,0.7230434782608697
ecoli,0.11944723618090453,0.8805527638190955,0.12739999999999999,0.054945728643216084,0.0724542713567839,respiration,0.2769565217391304,0.7230434782608697
ecoli,0.12442211055276382,0.8755778894472361,0.12739999999999999,0.05723417085427136,0.07016582914572862,respiration,0.2769565217391304,0.7230434782608697
ecoli,0.12939698492462312,0.8706030150753769,0.12739999999999999,0.059522613065326635,0.06787738693467335,respiration,0.2769565217391304,0.7230434782608697
ecoli,0.1343718592964824,0.8656281407035176,0.12739999999999999,0.06181105527638191,0.06558894472361808,respiration,0.2769565217391304,0.7230434782608697
ecoli,0.13934673366834172,0.8606532663316583,0.12739999999999999,0.0640994974874372,0.06330050251256279,respiration,0.2769565217391304,0.7230434782608697
ecoli,0.14432160804020103,0.855678391959799,0.12739999999999999,0.06638793969849248,0.061012060301507506,respiration,0.2769565217391304,0.7230434782608697
ecoli,0.1492964824120603,0.8507035175879397,0.12739999999999999,0.06867638190954775,0.058723618090452234,respiration,0.2769565217391304,0.7230434782608697
ecoli,0.15427135678391962,0.8457286432160804,0.12739999999999999,0.07096482412060302,0.05643517587939696,respiration,0.2769565217391304,0.7230434782608697
ecoli,0.1592462311557789,0.840753768844221,0.12739999999999999,0.0732532663316583,0.05414673366834169,respiration,0.2769565217391304,0.7230434782608697
ecoli,0.16422110552763822,0.8357788944723618,0.12739999999999999,0.07554170854271358,0.051858291457286404,respiration,0.2769565217391304,0.7230434782608697
ecoli,0.1691959798994975,0.8308040201005025,0.12739999999999999,0.07783015075376885,0.04956984924623113,respiration,0.2769565217391304,0.7230434782608697
ecoli,0.17417085427135678,0.8258291457286432,0.12739999999999999,0.08011859296482413,0.04728140703517586,respiration,0.2769565217391304,0.7230434782608697
ecoli,0.1791457286432161,0.8208542713567839,0.12739999999999999,0.08240703517587941,0.044992964824120574,respiration,0.2769565217391304,0.7230434782608697
ecoli,0.18412060301507538,0.8158793969849246,0.12739999999999999,0.08469547738693468,0.0427045226130653,respiration,0.2769565217391304,0.7230434782608697
ecoli,0.1890954773869347,0.8109045226130653,0.12739999999999999,0.08698391959798996,0.04041608040201003,respiration,0.2769565217391304,0.7230434782608697
ecoli,0.19407035175879397,0.805929648241206,0.12739999999999999,0.08927236180904523,0.03812763819095476,respiration,0.2769565217391304,0.7230434782608697
ecoli,0.19904522613065329,0.8009547738693468,0.12739999999999999,0.09156080402010051,0.03583919597989947,respiration,0.2769565217391304,0.7230434782608697
ecoli,0.20402010050251257,0.7959798994974874,0.12739999999999999,0.09384924623115579,0.0335507537688442,respiration,0.2769565217391304,0.7230434782608697
ecoli,0.20899497487437188,0.7910050251256281,0.12739999999999999,0.09613768844221107,0.03126231155778891,respiration,0.2769565217391304,0.7230434782608697
ecoli,0.21396984924623116,0.7860301507537688,0.12739999999999999,0.09842613065326634,0.02897386934673364,respiration,0.2769565217391304,0.7230434782608697
ecoli,0.21894472361809048,0.7810552763819095,0.12739999999999999,0.10071457286432162,0.02668542713567837,respiration,0.2769565217391304,0.7230434782608697
ecoli,0.22391959798994976,0.7760804020100502,0.12739999999999999,0.10300301507537689,0.024396984924623097,respiration,0.2769565217391304,0.7230434782608697
ecoli,0.22889447236180907,0.771105527638191,0.12739999999999999,0.10529145728643217,0.02210854271356781,respiration,0.2769565217391304,0.7230434782608697
ecoli,0.23386934673366835,0.7661306532663317,0.12739999999999999,0.10757989949748745,0.01982010050251254,respiration,0.2769565217391304,0.7230434782608697
ecoli,0.23884422110552767,0.7611557788944723,0.12739999999999999,0.10986834170854273,0.017531658291457253,respiration,0.2769565217391304,0.7230434782608697
ecoli,0.24381909547738695,0.7561809045226131,0.12739999999999999,0.112156783919598,0.01524321608040198,respiration,0.2769565217391304,0.7230434782608697
ecoli,0.24879396984924623,0.7512060301507537,0.12739999999999999,0.11444522613065328,0.012954773869346708,respiration,0.2769565217391304,0.7230434782608697
ecoli,0.2537688442211055,0.7462311557788945,0.12739999999999999,0.11673366834170855,0.010666331658291436,respiration,0.2769565217391304,0.7230434782608697
ecoli,0.2587437185929648,0.7412562814070351,0.12739999999999999,0.11902211055276381,0.008377889447236178,respiration,0.2769565217391304,0.7230434782608697
ecoli,0.26371859296482414,0.7362814070351759,0.12739999999999999,0.12131055276381911,0.006089447236180878,respiration,0.2769565217391304,0.7230434782608697
ecoli,0.2686934673366834,0.7313065326633166,0.12739999999999999,0.12359899497487438,0.003801005025125606,respiration,0.2769565217391304,0.7230434782608697
ecoli,0.2736683417085427,0.7263316582914573,0.12739999999999999,0.12588743718592965,0.001512562814070334,respiration,0.2769565217391304,0.7230434782608697
ecoli,0.27864321608040205,0.721356783919598,0.12739999999999999,0.12817587939698494,-0.000775879396984952,glycolysis,0.2769565217391304,0.7230434782608697
ecoli,0.28361809045226133,0.7163819095477386,0.12739999999999999,0.13046432160804022,-0.003064321608040238,glycolysis,0.2769565217391304,0.7230434782608697
ecoli,0.2885929648241206,0.7114070351758794,0.12739999999999999,0.13275276381909548,-0.005352763819095496,glycolysis,0.2769565217391304,0.7230434782608697
ecoli,0.2935678391959799,0.70643216080402,0.12739999999999999,0.13504120603015077,-0.007641206030150782,glycolysis,0.2769565217391304,0.7230434782608697
ecoli,0.29854271356783924,0.7014572864321608,0.12739999999999999,0.13732964824120605,-0.009929648241206068,glycolysis,0.2769565217391304,0.7230434782608697
ecoli,0.3035175879396985,0.6964824120603015,0.12739999999999999,0.1396180904522613,-0.012218090452261327,glycolysis,0.2769565217391304,0.7230434782608697
ecoli,0.3084924623115578,0.6915075376884422,0.12739999999999999,0.1419065326633166,-0.014506532663316613,glycolysis,0.2769565217391304,0.7230434782608697
ecoli,0.3134673366834171,0.6865326633165829,0.12739999999999999,0.14419497487437186,-0.01679497487437187,glycolysis,0.2769565217391304,0.7230434782608697
ecoli,0.3184422110552764,0.6815577889447235,0.12739999999999999,0.14648341708542717,-0.019083417085427185,glycolysis,0.2769565217391304,0.7230434782608697
ecoli,0.3234170854271357,0.6765829145728643,0.12739999999999999,0.14877185929648243,-0.021371859296482443,glycolysis,0.2769565217391304,0.7230434782608697
ecoli,0.328391959798995,0.671608040201005,0.12739999999999999,0.15106030150753771,-0.02366030150753773,glycolysis,0.2769565217391304,0.7230434782608697
ecoli,0.3333668341708543,0.6666331658291458,0.12739999999999999,0.15334874371859297,-0.025948743718592987,glycolysis,0.2769565217391304,0.7230434782608697
ecoli,0.33834170854271356,0.6616582914572864,0.12739999999999999,0.15563718592964823,-0.028237185929648245,glycolysis,0.2769565217391304,0.7230434782608697
ecoli,0.3433165829145729,0.6566834170854271,0.12739999999999999,0.15792562814070354,-0.03052562814070356,glycolysis,0.2769565217391304,0.7230434782608697
ecoli,0.3482914572864322,0.6517085427135678,0.12739999999999999,0.1602140703517588,-0.03281407035175882,glycolysis,0.2769565217391304,0.7230434782608697
ecoli,0.35326633165829147,0.6467336683417085,0.12739999999999999,0.1625025125628141,-0.0351025125628141,glycolysis,0.2769565217391304,0.7230434782608697
ecoli,0.35824120603015075,0.6417587939698493,0.12739999999999999,0.16479095477386935,-0.03739095477386936,glycolysis,0.2769565217391304,0.7230434782608697
ecoli,0.3632160804020101,0.6367839195979899,0.12739999999999999,0.16707939698492466,-0.039679396984924675,glycolysis,0.2769565217391304,0.7230434782608697
ecoli,0.36819095477386937,0.6318090452261307,0.12739999999999999,0.16936783919597992,-0.041967839195979934,glycolysis,0.2769565217391304,0.7230434782608697
ecoli,0.37316582914572866,0.6268341708542713,0.12739999999999999,0.17165628140703518,-0.04425628140703519,glycolysis,0.2769565217391304,0.7230434782608697
ecoli,0.37814070351758794,0.6218592964824121,0.12739999999999999,0.17394472361809046,-0.04654472361809048,glycolysis,0.2769565217391304,0.7230434782608697
ecoli,0.3831155778894473,0.6168844221105527,0.12739999999999999,0.17623316582914575,-0.048833165829145764,glycolysis,0.2769565217391304,0.7230434782608697
ecoli,0.38809045226130656,0.6119095477386934,0.12739999999999999,0.17852160804020104,-0.05112160804020105,glycolysis,0.2769565217391304,0.7230434782608697
ecoli,0.39306532663316585,0.6069346733668342,0.12739999999999999,0.1808100502512563,-0.05341005025125631,glycolysis,0.2769565217391304,0.7230434782608697
ecoli,0.39804020100502513,0.6019597989949749,0.12739999999999999,0.18309849246231158,-0.055698492462311594,glycolysis,0.2769565217391304,0.7230434782608697
ecoli,0.40301507537688447,0.5969849246231156,0.12739999999999999,0.18538693467336687,-0.05798693467336688,glycolysis,0.2769565217391304,0.7230434782608697
ecoli,0.40798994974874375,0.5920100502512562,0.12739999999999999,0.18767537688442212,-0.06027537688442214,glycolysis,0.2769565217391304,0.7230434782608697
ecoli,0.41296482412060304,0.587035175879397,0.12739999999999999,0.1899638190954774,-0.06256381909547742,glycolysis,0.2769565217391304,0.7230434782608697
ecoli,0.4179396984924623,0.5820603015075376,0.12739999999999999,0.19225226130653267,-0.06485226130653268,glycolysis,0.2769565217391304,0.7230434782608697
ecoli,0.4229145728643216,0.5770854271356785,0.12739999999999999,0.19454070351758795,-0.06714070351758797,glycolysis,0.2769565217391304,0.7230434782608697
ecoli,0.42788944723618094,0.5721105527638191,0.12739999999999999,0.19682914572864324,-0.06942914572864325,glycolysis,0.2769565217391304,0.7230434782608697
ecoli,0.4328643216080402,0.5671356783919598,0.12739999999999999,0.19911758793969853,-0.07171758793969854,glycolysis,0.2769565217391304,0.7230434782608697
ecoli,0.4378391959798995,0.5621608040201005,0.12739999999999999,0.20140603015075378,-0.0740060301507538,glycolysis,0.2769565217391304,0.7230434782608697
ecoli,0.4428140703517588,0.5571859296482412,0.12739999999999999,0.20369447236180904,-0.07629447236180906,glycolysis,0.2769565217391304,0.7230434782608697
ecoli,0.44778894472361813,0.5522110552763819,0.12739999999999999,0.20598291457286436,-0.07858291457286437,glycolysis,0.2769565217391304,0.7230434782608697
ecoli,0.4527638190954774,0.5472361809045225,0.12739999999999999,0.20827135678391961,-0.08087135678391963,glycolysis,0.2769565217391304,0.7230434782608697
ecoli,0.4577386934673367,0.5422613065326634,0.12739999999999999,0.2105597989949749,-0.08315979899497492,glycolysis,0.2769565217391304,0.7230434782608697
ecoli,0.462713567839196,0.537286432160804,0.12739999999999999,0.21284824120603016,-0.08544824120603017,glycolysis,0.2769565217391304,0.7230434782608697
ecoli,0.4676884422110553,0.5323115577889447,0.12739999999999999,0.21513668341708544,-0.08773668341708546,glycolysis,0.2769565217391304,0.7230434782608697
ecoli,0.4726633165829146,0.5273366834170854,0.12739999999999999,0.21742512562814073,-0.09002512562814075,glycolysis,0.2769565217391304,0.7230434782608697
ecoli,0.4776381909547739,0.5223618090452261,0.12739999999999999,0.219713567839196,-0.092313567839196,glycolysis,0.2769565217391304,0.7230434782608697
ecoli,0.4826130653266332,0.5173869346733668,0.12739999999999999,0.22200201005025127,-0.09460201005025129,glycolysis,0.2769565217391304,0.7230434782608697
ecoli,0.48758793969849246,0.5124120603015075,0.12739999999999999,0.22429045226130653,-0.09689045226130655,glycolysis,0.2769565217391304,0.7230434782608697
ecoli,0.4925628140703518,0.5074371859296483,0.12739999999999999,0.22657889447236185,-0.09917889447236186,glycolysis,0.2769565217391304,0.7230434782608697
ecoli,0.4975376884422111,0.5024623115577889,0.12739999999999999,0.2288673366834171,-0.10146733668341712,glycolysis,0.2769565217391304,0.7230434782608697
ecoli,0.5025125628140703,0.4974874371859297,0.12739999999999999,0.23115577889447236,-0.10375577889447238,glycolysis,0.2769565217391304,0.7230434782608697
ecoli,0.5074874371859296,0.4925125628140704,0.12739999999999999,0.23344422110552762,-0.10604422110552764,glycolysis,0.2769565217391304,0.7230434782608697
ecoli,0.512462311557789,0.487537688442211,0.12739999999999999,0.23573266331658294,-0.10833266331658295,glycolysis,0.2769565217391304,0.7230434782608697
ecoli,0.5174371859296483,0.48256281407035173,0.12739999999999999,0.23802110552763822,-0.11062110552763824,glycolysis,0.2769565217391304,0.7230434782608697
ecoli,0.5224120603015076,0.47758793969849245,0.12739999999999999,0.24030954773869348,-0.1129095477386935,glycolysis,0.2769565217391304,0.7230434782608697
ecoli,0.5273869346733668,0.47261306532663316,0.12739999999999999,0.24259798994974877,-0.11519798994974878,glycolysis,0.2769565217391304,0.7230434782608697
ecoli,0.5323618090452261,0.4676381909547739,0.12739999999999999,0.24488643216080402,-0.11748643216080404,glycolysis,0.2769565217391304,0.7230434782608697
ecoli,0.5373366834170854,0.4626633165829146,0.12739999999999999,0.2471748743718593,-0.11977487437185932,glycolysis,0.2769565217391304,0.7230434782608697
ecoli,0.5423115577889448,0.4576884422110552,0.12739999999999999,0.24946331658291462,-0.12206331658291464,glycolysis,0.2769565217391304,0.7230434782608697
ecoli,0.5472864321608041,0.4527135678391959,0.12739999999999999,0.2517517587939699,-0.1243517587939699,glycolysis,0.2769565217391304,0.7230434782608697
ecoli,0.5522613065326634,0.44773869346733663,0.12739999999999999,0.25404020100502517,-0.12664020100502518,glycolysis,0.2769565217391304,0.7230434782608697
ecoli,0.5572361809045226,0.44276381909547735,0.12739999999999999,0.25632864321608045,-0.12892864321608047,glycolysis,0.2769565217391304,0.7230434782608697
ecoli,0.5622110552763819,0.43778894472361807,0.12739999999999999,0.2586170854271357,-0.1312170854271357,glycolysis,0.2769565217391304,0.7230434782608697
ecoli,0.5671859296482412,0.4328140703517588,0.12739999999999999,0.26090552763819097,-0.13350552763819099,glycolysis,0.2769565217391304,0.7230434782608697
ecoli,0.5721608040201005,0.4278391959798995,0.12739999999999999,0.26319396984924626,-0.13579396984924627,glycolysis,0.2769565217391304,0.7230434782608697
ecoli,0.5771356783919598,0.4228643216080402,0.12739999999999999,0.2654824120603015,-0.1380824120603015,glycolysis,0.2769565217391304,0.7230434782608697
ecoli,0.5821105527638191,0.41788944723618093,0.12739999999999999,0.2677708542713568,-0.1403708542713568,glycolysis,0.2769565217391304,0.7230434782608697
ecoli,0.5870854271356785,0.41291457286432154,0.12739999999999999,0.2700592964824121,-0.14265929648241213,glycolysis,0.2769565217391304,0.7230434782608697
ecoli,0.5920603015075377,0.40793969849246225,0.12739999999999999,0.2723477386934674,-0.14494773869346742,glycolysis,0.2769565217391304,0.7230434782608697
ecoli,0.597035175879397,0.40296482412060297,0.12739999999999999,0.27463618090452263,-0.14723618090452265,glycolysis,0.2769565217391304,0.7230434782608697
ecoli,0.6020100502512563,0.3979899497487437,0.12739999999999999,0.2769246231155779,-0.14952462311557793,glycolysis,0.2769565217391304,0.7230434782608697
ecoli,0.6069849246231156,0.3930150753768844,0.12739999999999999,0.2792130653266332,-0.15181306532663322,glycolysis,0.2769565217391304,0.7230434782608697
ecoli,0.6119597989949749,0.3880402010050251,0.12739999999999999,0.28150150753768843,-0.15410150753768845,glycolysis,0.2769565217391304,0.7230434782608697
ecoli,0.6169346733668342,0.38306532663316584,0.12739999999999999,0.2837899497487437,-0.15638994974874373,glycolysis,0.2769565217391304,0.7230434782608697
ecoli,0.6219095477386934,0.37809045226130655,0.12739999999999999,0.286078391959799,-0.15867839195979902,glycolysis,0.2769565217391304,0.7230434782608697
ecoli,0.6268844221105528,0.37311557788944716,0.12739999999999999,0.28836683417085435,-0.16096683417085436,glycolysis,0.2769565217391304,0.7230434782608697
ecoli,0.6318592964824121,0.3681407035175879,0.12739999999999999,0.2906552763819096,-0.1632552763819096,glycolysis,0.2769565217391304,0.7230434782608697
ecoli,0.6368341708542714,0.3631658291457286,0.12739999999999999,0.29294371859296486,-0.16554371859296488,glycolysis,0.2769565217391304,0.7230434782608697
ecoli,0.6418090452261307,0.3581909547738693,0.12739999999999999,0.29523216080402015,-0.16783216080402016,glycolysis,0.2769565217391304,0.7230434782608697
ecoli,0.64678391959799,0.35321608040201,0.12739999999999999,0.2975206030150754,-0.1701206030150754,glycolysis,0.2769565217391304,0.7230434782608697
ecoli,0.6517587939698493,0.34824120603015074,0.12739999999999999,0.29980904522613067,-0.17240904522613068,glycolysis,0.2769565217391304,0.7230434782608697
ecoli,0.6567336683417085,0.34326633165829146,0.12739999999999999,0.30209748743718595,-0.17469748743718597,glycolysis,0.2769565217391304,0.7230434782608697
ecoli,0.6617085427135678,0.3382914572864322,0.12739999999999999,0.30438592964824124,-0.17698592964824125,glycolysis,0.2769565217391304,0.7230434782608697
ecoli,0.6666834170854271,0.3333165829145729,0.12739999999999999,0.30667437185929647,-0.17927437185929648,glycolysis,0.2769565217391304,0.7230434782608697
ecoli,0.6716582914572865,0.3283417085427135,0.12739999999999999,0.3089628140703518,-0.18156281407035182,glycolysis,0.2769565217391304,0.7230434782608697
ecoli,0.6766331658291458,0.3233668341708542,0.12739999999999999,0.3112512562814071,-0.1838512562814071,glycolysis,0.2769565217391304,0.7230434782608697
ecoli,0.6816080402010051,0.31839195979899493,0.12739999999999999,0.3135396984924623,-0.18613969849246234,glycolysis,0.2769565217391304,0.7230434782608697
ecoli,0.6865829145728644,0.31341708542713564,0.12739999999999999,0.3158281407035176,-0.18842814070351763,glycolysis,0.2769565217391304,0.7230434782608697
ecoli,0.6915577889447236,0.30844221105527636,0.12739999999999999,0.3181165829145729,-0.1907165829145729,glycolysis,0.2769565217391304,0.7230434782608697
ecoli,0.6965326633165829,0.3034673366834171,0.12739999999999999,0.3204050251256282,-0.1930050251256282,glycolysis,0.2769565217391304,0.7230434782608697
ecoli,0.7015075376884422,0.2984924623115578,0.12739999999999999,0.3226934673366834,-0.19529346733668343,glycolysis,0.2769565217391304,0.7230434782608697
ecoli,0.7064824120603015,0.2935175879396985,0.12739999999999999,0.3249819095477387,-0.19758190954773872,glycolysis,0.2769565217391304,0.7230434782608697
ecoli,0.7114572864321609,0.2885427135678391,0.12739999999999999,0.32727035175879404,-0.19987035175879406,glycolysis,0.2769565217391304,0.7230434782608697
ecoli,0.7164321608040202,0.28356783919597983,0.12739999999999999,0.3295587939698493,-0.2021587939698493,glycolysis,0.2769565217391304,0.7230434782608697
ecoli,0.7214070351758795,0.27859296482412055,0.12739999999999999,0.33184723618090456,-0.20444723618090457,glycolysis,0.2769565217391304,0.7230434782608697
ecoli,0.7263819095477387,0.27361809045226126,0.12739999999999999,0.33413567839195984,-0.20673567839195986,glycolysis,0.2769565217391304,0.7230434782608697
ecoli,0.731356783919598,0.268643216080402,0.12739999999999999,0.33642412060301513,-0.20902412060301515,glycolysis,0.2769565217391304,0.7230434782608697
ecoli,0.7363316582914573,0.2636683417085427,0.12739999999999999,0.33871256281407036,-0.21131256281407038,glycolysis,0.2769565217391304,0.7230434782608697
ecoli,0.7413065326633166,0.2586934673366834,0.12739999999999999,0.34100100502512565,-0.21360100502512566,glycolysis,0.2769565217391304,0.7230434782608697
ecoli,0.7462814070351759,0.25371859296482413,0.12739999999999999,0.34328944723618093,-0.21588944723618095,glycolysis,0.2769565217391304,0.7230434782608697
ecoli,0.7512562814070352,0.24874371859296485,0.12739999999999999,0.34557788944723616,-0.21817788944723618,glycolysis,0.2769565217391304,0.7230434782608697
ecoli,0.7562311557788945,0.24376884422110545,0.12739999999999999,0.3478663316582915,-0.22046633165829152,glycolysis,0.2769565217391304,0.7230434782608697
ecoli,0.7612060301507538,0.23879396984924617,0.12739999999999999,0.3501547738693468,-0.2227547738693468,glycolysis,0.2769565217391304,0.7230434782608697
ecoli,0.7661809045226131,0.23381909547738688,0.12739999999999999,0.352443216080402,-0.22504321608040204,glycolysis,0.2769565217391304,0.7230434782608697
ecoli,0.7711557788944724,0.2288442211055276,0.12739999999999999,0.3547316582914573,-0.22733165829145732,glycolysis,0.2769565217391304,0.7230434782608697
ecoli,0.7761306532663317,0.22386934673366832,0.12739999999999999,0.3570201005025126,-0.2296201005025126,glycolysis,0.2769565217391304,0.7230434782608697
ecoli,0.781105527638191,0.21889447236180903,0.12739999999999999,0.3593085427135679,-0.2319085427135679,glycolysis,0.2769565217391304,0.7230434782608697
ecoli,0.7860804020100502,0.21391959798994975,0.12739999999999999,0.3615969849246231,-0.23419698492462313,glycolysis,0.2769565217391304,0.7230434782608697
ecoli,0.7910552763819095,0.20894472361809047,0.12739999999999999,0.3638854271356784,-0.2364854271356784,glycolysis,0.2769565217391304,0.7230434782608697
ecoli,0.7960301507537689,0.20396984924623107,0.12739999999999999,0.36617386934673374,-0.23877386934673375,glycolysis,0.2769565217391304,0.7230434782608697
ecoli,0.8010050251256282,0.1989949748743718,0.12739999999999999,0.36846231155778897,-0.24106231155778898,glycolysis,0.2769565217391304,0.7230434782608697
ecoli,0.8059798994974875,0.1940201005025125,0.12739999999999999,0.37075075376884425,-0.24335075376884427,glycolysis,0.2769565217391304,0.7230434782608697
ecoli,0.8109547738693468,0.18904522613065322,0.12739999999999999,0.37303919597989954,-0.24563919597989956,glycolysis,0.2769565217391304,0.7230434782608697
ecoli,0.8159296482412061,0.18407035175879394,0.12739999999999999,0.3753276381909548,-0.24792763819095484,glycolysis,0.2769565217391304,0.7230434782608697
ecoli,0.8209045226130653,0.17909547738693465,0.12739999999999999,0.37761608040201006,-0.25021608040201004,glycolysis,0.2769565217391304,0.7230434782608697
ecoli,0.8258793969849246,0.17412060301507537,0.12739999999999999,0.37990452261306534,-0.25250452261306533,glycolysis,0.2769565217391304,0.7230434782608697
ecoli,0.8308542713567839,0.1691457286432161,0.12739999999999999,0.38219296482412063,-0.2547929648241206,glycolysis,0.2769565217391304,0.7230434782608697
ecoli,0.8358291457286432,0.1641708542713568,0.12739999999999999,0.3844814070351759,-0.2570814070351759,glycolysis,0.2769565217391304,0.7230434782608697
ecoli,0.8408040201005026,0.1591959798994974,0.12739999999999999,0.3867698492462312,-0.2593698492462312,glycolysis,0.2769565217391304,0.7230434782608697
ecoli,0.8457788944723619,0.15422110552763812,0.12739999999999999,0.3890582914572865,-0.2616582914572865,glycolysis,0.2769565217391304,0.7230434782608697
ecoli,0.8507537688442212,0.14924623115577884,0.12739999999999999,0.3913467336683418,-0.26394673366834176,glycolysis,0.2769565217391304,0.7230434782608697
ecoli,0.8557286432160804,0.14427135678391956,0.12739999999999999,0.393635175879397,-0.26623517587939705,glycolysis,0.2769565217391304,0.7230434782608697
ecoli,0.8607035175879397,0.13929648241206027,0.12739999999999999,0.3959236180904523,-0.26852361809045233,glycolysis,0.2769565217391304,0.7230434782608697
ecoli,0.865678391959799,0.134321608040201,0.12739999999999999,0.3982120603015076,-0.2708120603015076,glycolysis,0.2769565217391304,0.7230434782608697
ecoli,0.8706532663316583,0.1293467336683417,0.12739999999999999,0.4005005025125628,-0.2731005025125628,glycolysis,0.2769565217391304,0.7230434782608697
ecoli,0.8756281407035176,0.12437185929648242,0.12739999999999999,0.4027889447236181,-0.2753889447236181,glycolysis,0.2769565217391304,0.7230434782608697
ecoli,0.880603015075377,0.11939698492462303,0.12739999999999999,0.40507738693467343,-0.2776773869346735,glycolysis,0.2769565217391304,0.7230434782608697
ecoli,0.8855778894472363,0.11442211055276374,0.12739999999999999,0.4073658291457287,-0.27996582914572876,glycolysis,0.2769565217391304,0.7230434782608697
ecoli,0.8905527638190955,0.10944723618090446,0.12739999999999999,0.40965427135678395,-0.28225427135678394,glycolysis,0.2769565217391304,0.7230434782608697
ecoli,0.8955276381909548,0.10447236180904518,0.12739999999999999,0.41194271356783924,-0.2845427135678392,glycolysis,0.2769565217391304,0.7230434782608697
ecoli,0.9005025125628141,0.0994974874371859,0.12739999999999999,0.4142311557788945,-0.2868311557788945,glycolysis,0.2769565217391304,0.7230434782608697
ecoli,0.9054773869346734,0.09452261306532661,0.12739999999999999,0.41651959798994975,-0.2891195979899498,glycolysis,0.2769565217391304,0.7230434782608697
ecoli,0.9104522613065327,0.08954773869346733,0.12739999999999999,0.41880804020100504,-0.2914080402010051,glycolysis,0.2769565217391304,0.7230434782608697
ecoli,0.915427135678392,0.08457286432160804,0.12739999999999999,0.4210964824120603,-0.29369648241206037,glycolysis,0.2769565217391304,0.7230434782608697
ecoli,0.9204020100502512,0.07959798994974876,0.12739999999999999,0.4233849246231156,-0.29598492462311565,glycolysis,0.2769565217391304,0.7230434782608697
ecoli,0.9253768844221106,0.07462311557788937,0.12739999999999999,0.4256733668341709,-0.29827336683417094,glycolysis,0.2769565217391304,0.7230434782608697
ecoli,0.9303517587939699,0.06964824120603008,0.12739999999999999,0.4279618090452262,-0.3005618090452262,glycolysis,0.2769565217391304,0.7230434782608697
ecoli,0.9353266331658292,0.0646733668341708,0.12739999999999999,0.43025025125628147,-0.3028502512562815,glycolysis,0.2769565217391304,0.7230434782608697
ecoli,0.9403015075376885,0.059698492462311514,0.12739999999999999,0.4325386934673367,-0.3051386934673367,glycolysis,0.2769565217391304,0.7230434782608697
ecoli,0.9452763819095478,0.05472361809045223,0.12739999999999999,0.434827135678392,-0.30742713567839197,glycolysis,0.2769565217391304,0.7230434782608697
ecoli,0.950251256281407,0.04974874371859295,0.12739999999999999,0.43711557788944727,-0.30971557788944726,glycolysis,0.2769565217391304,0.7230434782608697
ecoli,0.9552261306532663,0.044773869346733663,0.12739999999999999,0.43940402010050256,-0.31200402010050254,glycolysis,0.2769565217391304,0.7230434782608697
ecoli,0.9602010050251256,0.03979899497487438,0.12739999999999999,0.4416924623115578,-0.31429246231155783,glycolysis,0.2769565217391304,0.7230434782608697
ecoli,0.9651758793969849,0.034824120603015096,0.12739999999999999,0.4439809045226131,-0.3165809045226131,glycolysis,0.2769565217391304,0.7230434782608697
ecoli,0.9701507537688443,0.0298492462311557,0.12739999999999999,0.4462693467336684,-0.3188693467336684,glycolysis,0.2769565217391304,0.7230434782608697
ecoli,0.9751256281407036,0.024874371859296418,0.12739999999999999,0.44855778894472365,-0.3211577889447237,glycolysis,0.2769565217391304,0.7230434782608697
ecoli,0.9801005025125629,0.019899497487437134,0.12739999999999999,0.45084623115577893,-0.323446231155779,glycolysis,0.2769565217391304,0.7230434782608697
ecoli,0.9850753768844221,0.01492462311557785,0.12739999999999999,0.4531346733668342,-0.32573467336683426,glycolysis,0.2769565217391304,0.7230434782608697
ecoli,0.9900502512562814,0.009949748743718567,0.12739999999999999,0.4554231155778895,-0.32802311557788955,glycolysis,0.2769565217391304,0.7230434782608697
ecoli,0.9950251256281407,0.004974874371859284,0.12739999999999999,0.45771155778894473,-0.3303115577889447,glycolysis,0.2769565217391304,0.7230434782608697
ecoli,1.0,0.0,0.12739999999999999,0.46,-0.3326,glycolysis,0.2769565217391304,0.7230434782608697
yeast,0.01,0.99,0.22100000000000003,0.0092,0.21180000000000004,respiration,0.24021739130434785,0.7597826086956522
yeast,0.014974874371859296,0.9850251256281407,0.22100000000000003,0.013776884422110553,0.20722311557788947,respiration,0.24021739130434785,0.7597826086956522
yeast,0.019949748743718593,0.9800502512562814,0.22100000000000003,0.018353768844221106,0.20264623115577893,respiration,0.24021739130434785,0.7597826086956522
yeast,0.024924623115577887,0.9750753768844221,0.22100000000000003,0.022930653266331657,0.19806934673366838,respiration,0.24021739130434785,0.7597826086956522
yeast,0.029899497487437185,0.9701005025125629,0.22100000000000003,0.02750753768844221,0.1934924623115578,respiration,0.24021739130434785,0.7597826086956522
yeast,0.03487437185929648,0.9651256281407035,0.22100000000000003,0.03208442211055276,0.18891557788944727,respiration,0.24021739130434785,0.7597826086956522
yeast,0.03984924623115578,0.9601507537688442,0.22100000000000003,0.03666130653266332,0.18433869346733672,respiration,0.24021739130434785,0.7597826086956522
yeast,0.04482412060301508,0.9551758793969849,0.22100000000000003,0.04123819095477387,0.17976180904522615,respiration,0.24021739130434785,0.7597826086956522
yeast,0.049798994974874375,0.9502010050251256,0.22100000000000003,0.04581507537688443,0.1751849246231156,respiration,0.24021739130434785,0.7597826086956522
yeast,0.05477386934673367,0.9452261306532663,0.22100000000000003,0.05039195979899498,0.17060804020100506,respiration,0.24021739130434785,0.7597826086956522
yeast,0.05974874371859297,0.940251256281407,0.22100000000000003,0.05496884422110553,0.1660311557788945,respiration,0.24021739130434785,0.7597826086956522
yeast,0.06472361809045227,0.9352763819095478,0.22100000000000003,0.05954572864321609,0.16145427135678395,respiration,0.24021739130434785,0.7597826086956522
yeast,0.06969849246231155,0.9303015075376885,0.22100000000000003,0.06412261306532663,0.1568773869346734,respiration,0.24021739130434785,0.7597826086956522
yeast,0.07467336683417085,0.9253266331658292,0.22100000000000003,0.06869949748743719,0.15230050251256283,respiration,0.24021739130434785,0.7597826086956522
yeast,0.07964824120603015,0.9203517587939698,0.22100000000000003,0.07327638190954774,0.14772361809045229,respiration,0.24021739130434785,0.7597826086956522
yeast,0.08462311557788944,0.9153768844221105,0.22100000000000003,0.07785326633165829,0.14314673366834174,respiration,0.24021739130434785,0.7597826086956522
yeast,0.08959798994974874,0.9104020100502512,0.22100000000000003,0.08243015075376885,0.13856984924623117,respiration,0.24021739130434785,0.7597826086956522
yeast,0.09457286432160804,0.905427135678392,0.22100000000000003,0.0870070351758794,0.13399296482412063,respiration,0.24021739130434785,0.7597826086956522
yeast,0.09954773869346734,0.9004522613065327,0.22100000000000003,0.09158391959798995,0.12941608040201008,respiration,0.24021739130434785,0.7597826086956522
yeast,0.10452261306532663,0.8954773869346734,0.22100000000000003,0.09616080402010051,0.12483919597989952,respiration,0.24021739130434785,0.7597826086956522
yeast,0.10949748743718593,0.8905025125628141,0.22100000000000003,0.10073768844221107,0.12026231155778896,respiration,0.24021739130434785,0.7597826086956522
yeast,0.11447236180904523,0.8855276381909548,0.22100000000000003,0.10531457286432161,0.11568542713567842,respiration,0.24021739130434785,0.7597826086956522
yeast,0.11944723618090453,0.8805527638190955,0.22100000000000003,0.10989145728643217,0.11110854271356786,respiration,0.24021739130434785,0.7597826086956522
yeast,0.12442211055276382,0.8755778894472361,0.22100000000000003,0.11446834170854273,0.1065316582914573,respiration,0.24021739130434785,0.7597826086956522
yeast,0.12939698492462312,0.8706030150753769,0.22100000000000003,0.11904522613065327,0.10195477386934676,respiration,0.24021739130434785,0.7597826086956522
yeast,0.1343718592964824,0.8656281407035176,0.22100000000000003,0.12362211055276381,0.09737788944723622,respiration,0.24021739130434785,0.7597826086956522
yeast,0.13934673366834172,0.8606532663316583,0.22100000000000003,0.1281989949748744,0.09280100502512564,respiration,0.24021739130434785,0.7597826086956522
yeast,0.14432160804020103,0.855678391959799,0.22100000000000003,0.13277587939698496,0.08822412060301507,respiration,0.24021739130434785,0.7597826086956522
yeast,0.1492964824120603,0.8507035175879397,0.22100000000000003,0.1373527638190955,0.08364723618090453,respiration,0.24021739130434785,0.7597826086956522
yeast,0.15427135678391962,0.8457286432160804,0.22100000000000003,0.14192964824120605,0.07907035175879398,respiration,0.24021739130434785,0.7597826086956522
yeast,0.1592462311557789,0.840753768844221,0.22100000000000003,0.1465065326633166,0.07449346733668344,respiration,0.24021739130434785,0.7597826086956522
yeast,0.16422110552763822,0.8357788944723618,0.22100000000000003,0.15108341708542716,0.06991658291457287,respiration,0.24021739130434785,0.7597826086956522
yeast,0.1691959798994975,0.8308040201005025,0.22100000000000003,0.1556603015075377,0.06533969849246232,respiration,0.24021739130434785,0.7597826086956522
yeast,0.17417085427135678,0.8258291457286432,0.22100000000000003,0.16023718592964825,0.06076281407035178,respiration,0.24021739130434785,0.7597826086956522
yeast,0.1791457286432161,0.8208542713567839,0.22100000000000003,0.16481407035175882,0.056185929648241206,respiration,0.24021739130434785,0.7597826086956522
yeast,0.18412060301507538,0.8158793969849246,0.22100000000000003,0.16939095477386937,0.05160904522613066,respiration,0.24021739130434785,0.7597826086956522
yeast,0.1890954773869347,0.8109045226130653,0.22100000000000003,0.1739678391959799,0.04703216080402012,respiration,0.24021739130434785,0.7597826086956522
yeast,0.19407035175879397,0.805929648241206,0.22100000000000003,0.17854472361809046,0.042455276381909574,respiration,0.24021739130434785,0.7597826086956522
yeast,0.19904522613065329,0.8009547738693468,0.22100000000000003,0.18312160804020103,0.037878391959799,respiration,0.24021739130434785,0.7597826086956522
yeast,0.20402010050251257,0.7959798994974874,0.22100000000000003,0.18769849246231157,0.03330150753768846,respiration,0.24021739130434785,0.7597826086956522
yeast,0.20899497487437188,0.7910050251256281,0.22100000000000003,0.19227537688442214,0.028724623115577885,respiration,0.24021739130434785,0.7597826086956522
yeast,0.21396984924623116,0.7860301507537688,0.22100000000000003,0.1968522613065327,0.02414773869346734,respiration,0.24021739130434785,0.7597826086956522
yeast,0.21894472361809048,0.7810552763819095,0.22100000000000003,0.20142914572864323,0.019570854271356797,respiration,0.24021739130434785,0.7597826086956522
yeast,0.22391959798994976,0.7760804020100502,0.22100000000000003,0.20600603015075378,0.014993969849246253,respiration,0.24021739130434785,0.7597826086956522
yeast,0.22889447236180907,0.771105527638191,0.22100000000000003,0.21058291457286435,0.01041708542713568,respiration,0.24021739130434785,0.7597826086956522
yeast,0.23386934673366835,0.7661306532663317,0.22100000000000003,0.2151597989949749,0.005840201005025136,respiration,0.24021739130434785,0.7597826086956522
yeast,0.23884422110552767,0.7611557788944723,0.22100000000000003,0.21973668341708547,0.0012633165829145643,respiration,0.24021739130434785,0.7597826086956522
yeast,0.24381909547738695,0.7561809045226131,0.22100000000000003,0.224313567839196,-0.00331356783919598,glycolysis,0.24021739130434785,0.7597826086956522
yeast,0.24879396984924623,0.7512060301507537,0.22100000000000003,0.22889045226130655,-0.007890452261306524,glycolysis,0.24021739130434785,0.7597826086956522
yeast,0.2537688442211055,0.7462311557788945,0.22100000000000003,0.2334673366834171,-0.012467336683417068,glycolysis,0.24021739130434785,0.7597826086956522
yeast,0.2587437185929648,0.7412562814070351,0.22100000000000003,0.23804422110552761,-0.017044221105527585,glycolysis,0.24021739130434785,0.7597826086956522
yeast,0.26371859296482414,0.7362814070351759,0.22100000000000003,0.24262110552763821,-0.021621105527638185,glycolysis,0.24021739130434785,0.7597826086956522
yeast,0.2686934673366834,0.7313065326633166,0.22100000000000003,0.24719798994974876,-0.02619798994974873,glycolysis,0.24021739130434785,0.7597826086956522
yeast,0.2736683417085427,0.7263316582914573,0.22100000000000003,0.2517748743718593,-0.030774874371859273,glycolysis,0.24021739130434785,0.7597826086956522
yeast,0.27864321608040205,0.721356783919598,0.22100000000000003,0.2563517587939699,-0.035351758793969845,glycolysis,0.24021739130434785,0.7597826086956522
yeast,0.28361809045226133,0.7163819095477386,0.22100000000000003,0.26092864321608045,-0.03992864321608042,glycolysis,0.24021739130434785,0.7597826086956522
yeast,0.2885929648241206,0.7114070351758794,0.22100000000000003,0.26550552763819096,-0.044505527638190934,glycolysis,0.24021739130434785,0.7597826086956522
yeast,0.2935678391959799,0.70643216080402,0.22100000000000003,0.27008241206030154,-0.049082412060301506,glycolysis,0.24021739130434785,0.7597826086956522
yeast,0.29854271356783924,0.7014572864321608,0.22100000000000003,0.2746592964824121,-0.05365929648241208,glycolysis,0.24021739130434785,0.7597826086956522
yeast,0.3035175879396985,0.6964824120603015,0.22100000000000003,0.2792361809045226,-0.058236180904522594,glycolysis,0.24021739130434785,0.7597826086956522
yeast,0.3084924623115578,0.6915075376884422,0.22100000000000003,0.2838130653266332,-0.06281306532663317,glycolysis,0.24021739130434785,0.7597826086956522
yeast,0.3134673366834171,0.6865326633165829,0.22100000000000003,0.2883899497487437,-0.06738994974874368,glycolysis,0.24021739130434785,0.7597826086956522
yeast,0.3184422110552764,0.6815577889447235,0.22100000000000003,0.29296683417085434,-0.07196683417085431,glycolysis,0.24021739130434785,0.7597826086956522
yeast,0.3234170854271357,0.6765829145728643,0.22100000000000003,0.29754371859296486,-0.07654371859296483,glycolysis,0.24021739130434785,0.7597826086956522
yeast,0.328391959798995,0.671608040201005,0.22100000000000003,0.30212060301507543,-0.0811206030150754,glycolysis,0.24021739130434785,0.7597826086956522
yeast,0.3333668341708543,0.6666331658291458,0.22100000000000003,0.30669748743718594,-0.08569748743718592,glycolysis,0.24021739130434785,0.7597826086956522
yeast,0.33834170854271356,0.6616582914572864,0.22100000000000003,0.31127437185929646,-0.09027437185929643,glycolysis,0.24021739130434785,0.7597826086956522
yeast,0.3433165829145729,0.6566834170854271,0.22100000000000003,0.3158512562814071,-0.09485125628140706,glycolysis,0.24021739130434785,0.7597826086956522
yeast,0.3482914572864322,0.6517085427135678,0.22100000000000003,0.3204281407035176,-0.09942814070351758,glycolysis,0.24021739130434785,0.7597826086956522
yeast,0.35326633165829147,0.6467336683417085,0.22100000000000003,0.3250050251256282,-0.10400502512562815,glycolysis,0.24021739130434785,0.7597826086956522
yeast,0.35824120603015075,0.6417587939698493,0.22100000000000003,0.3295819095477387,-0.10858190954773866,glycolysis,0.24021739130434785,0.7597826086956522
yeast,0.3632160804020101,0.6367839195979899,0.22100000000000003,0.3341587939698493,-0.11315879396984929,glycolysis,0.24021739130434785,0.7597826086956522
yeast,0.36819095477386937,0.6318090452261307,0.22100000000000003,0.33873567839195984,-0.11773567839195981,glycolysis,0.24021739130434785,0.7597826086956522
yeast,0.37316582914572866,0.6268341708542713,0.22100000000000003,0.34331256281407035,-0.12231256281407032,glycolysis,0.24021739130434785,0.7597826086956522
yeast,0.37814070351758794,0.6218592964824121,0.22100000000000003,0.3478894472361809,-0.1268894472361809,glycolysis,0.24021739130434785,0.7597826086956522
yeast,0.3831155778894473,0.6168844221105527,0.22100000000000003,0.3524663316582915,-0.13146633165829147,glycolysis,0.24021739130434785,0.7597826086956522
yeast,0.38809045226130656,0.6119095477386934,0.22100000000000003,0.35704321608040207,-0.13604321608040204,glycolysis,0.24021739130434785,0.7597826086956522
yeast,0.39306532663316585,0.6069346733668342,0.22100000000000003,0.3616201005025126,-0.14062010050251256,glycolysis,0.24021739130434785,0.7597826086956522
yeast,0.39804020100502513,0.6019597989949749,0.22100000000000003,0.36619698492462316,-0.14519698492462313,glycolysis,0.24021739130434785,0.7597826086956522
yeast,0.40301507537688447,0.5969849246231156,0.22100000000000003,0.37077386934673373,-0.1497738693467337,glycolysis,0.24021739130434785,0.7597826086956522
yeast,0.40798994974874375,0.5920100502512562,0.22100000000000003,0.37535075376884425,-0.15435075376884422,glycolysis,0.24021739130434785,0.7597826086956522
yeast,0.41296482412060304,0.587035175879397,0.22100000000000003,0.3799276381909548,-0.1589276381909548,glycolysis,0.24021739130434785,0.7597826086956522
yeast,0.4179396984924623,0.5820603015075376,0.22100000000000003,0.38450452261306534,-0.1635045226130653,glycolysis,0.24021739130434785,0.7597826086956522
yeast,0.4229145728643216,0.5770854271356785,0.22100000000000003,0.3890814070351759,-0.16808140703517588,glycolysis,0.24021739130434785,0.7597826086956522
yeast,0.42788944723618094,0.5721105527638191,0.22100000000000003,0.3936582914572865,-0.17265829145728645,glycolysis,0.24021739130434785,0.7597826086956522
yeast,0.4328643216080402,0.5671356783919598,0.22100000000000003,0.39823517587939705,-0.17723517587939702,glycolysis,0.24021739130434785,0.7597826086956522
yeast,0.4378391959798995,0.5621608040201005,0.22100000000000003,0.40281206030150757,-0.18181206030150754,glycolysis,0.24021739130434785,0.7597826086956522
yeast,0.4428140703517588,0.5571859296482412,0.22100000000000003,0.4073889447236181,-0.18638894472361806,glycolysis,0.24021739130434785,0.7597826086956522
yeast,0.44778894472361813,0.5522110552763819,0.22100000000000003,0.4119658291457287,-0.19096582914572868,glycolysis,0.24021739130434785,0.7597826086956522
yeast,0.4527638190954774,0.5472361809045225,0.22100000000000003,0.41654271356783923,-0.1955427135678392,glycolysis,0.24021739130434785,0.7597826086956522
yeast,0.4577386934673367,0.5422613065326634,0.22100000000000003,0.4211195979899498,-0.20011959798994977,glycolysis,0.24021739130434785,0.7597826086956522
yeast,0.462713567839196,0.537286432160804,0.22100000000000003,0.4256964824120603,-0.2046964824120603,glycolysis,0.24021739130434785,0.7597826086956522
yeast,0.4676884422110553,0.5323115577889447,0.22100000000000003,0.4302733668341709,-0.20927336683417086,glycolysis,0.24021739130434785,0.7597826086956522
yeast,0.4726633165829146,0.5273366834170854,0.22100000000000003,0.43485025125628146,-0.21385025125628143,glycolysis,0.24021739130434785,0.7597826086956522
yeast,0.4776381909547739,0.5223618090452261,0.22100000000000003,0.439427135678392,-0.21842713567839195,glycolysis,0.24021739130434785,0.7597826086956522
yeast,0.4826130653266332,0.5173869346733668,0.22100000000000003,0.44400402010050255,-0.22300402010050252,glycolysis,0.24021739130434785,0.7597826086956522
yeast,0.48758793969849246,0.5124120603015075,0.22100000000000003,0.44858090452261307,-0.22758090452261304,glycolysis,0.24021739130434785,0.7597826086956522
yeast,0.4925628140703518,0.5074371859296483,0.22100000000000003,0.4531577889447237,-0.23215778894472366,glycolysis,0.24021739130434785,0.7597826086956522
yeast,0.4975376884422111,0.5024623115577889,0.22100000000000003,0.4577346733668342,-0.23673467336683418,glycolysis,0.24021739130434785,0.7597826086956522
yeast,0.5025125628140703,0.4974874371859297,0.22100000000000003,0.4623115577889447,-0.2413115577889447,glycolysis,0.24021739130434785,0.7597826086956522
yeast,0.5074874371859296,0.4925125628140704,0.22100000000000003,0.46688844221105524,-0.2458884422110552,glycolysis,0.24021739130434785,0.7597826086956522
yeast,0.512462311557789,0.487537688442211,0.22100000000000003,0.47146532663316587,-0.25046532663316584,glycolysis,0.24021739130434785,0.7597826086956522
yeast,0.5174371859296483,0.48256281407035173,0.22100000000000003,0.47604221105527644,-0.2550422110552764,glycolysis,0.24021739130434785,0.7597826086956522
yeast,0.5224120603015076,0.47758793969849245,0.22100000000000003,0.48061909547738696,-0.25961909547738693,glycolysis,0.24021739130434785,0.7597826086956522
yeast,0.5273869346733668,0.47261306532663316,0.22100000000000003,0.48519597989949753,-0.2641959798994975,glycolysis,0.24021739130434785,0.7597826086956522
yeast,0.5323618090452261,0.4676381909547739,0.22100000000000003,0.48977286432160805,-0.268772864321608,glycolysis,0.24021739130434785,0.7597826086956522
yeast,0.5373366834170854,0.4626633165829146,0.22100000000000003,0.4943497487437186,-0.2733497487437186,glycolysis,0.24021739130434785,0.7597826086956522
yeast,0.5423115577889448,0.4576884422110552,0.22100000000000003,0.49892663316582925,-0.2779266331658292,glycolysis,0.24021739130434785,0.7597826086956522
yeast,0.5472864321608041,0.4527135678391959,0.22100000000000003,0.5035035175879398,-0.28250351758793973,glycolysis,0.24021739130434785,0.7597826086956522
yeast,0.5522613065326634,0.44773869346733663,0.22100000000000003,0.5080804020100503,-0.2870804020100503,glycolysis,0.24021739130434785,0.7597826086956522
yeast,0.5572361809045226,0.44276381909547735,0.22100000000000003,0.5126572864321609,-0.2916572864321609,glycolysis,0.24021739130434785,0.7597826086956522
yeast,0.5622110552763819,0.43778894472361807,0.22100000000000003,0.5172341708542714,-0.29623417085427134,glycolysis,0.24021739130434785,0.7597826086956522
yeast,0.5671859296482412,0.4328140703517588,0.22100000000000003,0.5218110552763819,-0.3008110552763819,glycolysis,0.24021739130434785,0.7597826086956522
yeast,0.5721608040201005,0.4278391959798995,0.22100000000000003,0.5263879396984925,-0.3053879396984925,glycolysis,0.24021739130434785,0.7597826086956522
yeast,0.5771356783919598,0.4228643216080402,0.22100000000000003,0.530964824120603,-0.30996482412060294,glycolysis,0.24021739130434785,0.7597826086956522
yeast,0.5821105527638191,0.41788944723618093,0.22100000000000003,0.5355417085427135,-0.3145417085427135,glycolysis,0.24021739130434785,0.7597826086956522
yeast,0.5870854271356785,0.41291457286432154,0.22100000000000003,0.5401185929648242,-0.3191185929648242,glycolysis,0.24021739130434785,0.7597826086956522
yeast,0.5920603015075377,0.40793969849246225,0.22100000000000003,0.5446954773869348,-0.32369547738693477,glycolysis,0.24021739130434785,0.7597826086956522
yeast,0.597035175879397,0.40296482412060297,0.22100000000000003,0.5492723618090453,-0.32827236180904523,glycolysis,0.24021739130434785,0.7597826086956522
yeast,0.6020100502512563,0.3979899497487437,0.22100000000000003,0.5538492462311558,-0.3328492462311558,glycolysis,0.24021739130434785,0.7597826086956522
yeast,0.6069849246231156,0.3930150753768844,0.22100000000000003,0.5584261306532664,-0.3374261306532664,glycolysis,0.24021739130434785,0.7597826086956522
yeast,0.6119597989949749,0.3880402010050251,0.22100000000000003,0.5630030150753769,-0.34200301507537684,glycolysis,0.24021739130434785,0.7597826086956522
yeast,0.6169346733668342,0.38306532663316584,0.22100000000000003,0.5675798994974874,-0.3465798994974874,glycolysis,0.24021739130434785,0.7597826086956522
yeast,0.6219095477386934,0.37809045226130655,0.22100000000000003,0.572156783919598,-0.351156783919598,glycolysis,0.24021739130434785,0.7597826086956522
yeast,0.6268844221105528,0.37311557788944716,0.22100000000000003,0.5767336683417087,-0.35573366834170866,glycolysis,0.24021739130434785,0.7597826086956522
yeast,0.6318592964824121,0.3681407035175879,0.22100000000000003,0.5813105527638192,-0.3603105527638191,glycolysis,0.24021739130434785,0.7597826086956522
yeast,0.6368341708542714,0.3631658291457286,0.22100000000000003,0.5858874371859297,-0.3648874371859297,glycolysis,0.24021739130434785,0.7597826086956522
yeast,0.6418090452261307,0.3581909547738693,0.22100000000000003,0.5904643216080403,-0.36946432160804027,glycolysis,0.24021739130434785,0.7597826086956522
yeast,0.64678391959799,0.35321608040201,0.22100000000000003,0.5950412060301508,-0.37404120603015073,glycolysis,0.24021739130434785,0.7597826086956522
yeast,0.6517587939698493,0.34824120603015074,0.22100000000000003,0.5996180904522613,-0.3786180904522613,glycolysis,0.24021739130434785,0.7597826086956522
yeast,0.6567336683417085,0.34326633165829146,0.22100000000000003,0.6041949748743719,-0.3831949748743719,glycolysis,0.24021739130434785,0.7597826086956522
yeast,0.6617085427135678,0.3382914572864322,0.22100000000000003,0.6087718592964825,-0.38777185929648245,glycolysis,0.24021739130434785,0.7597826086956522
yeast,0.6666834170854271,0.3333165829145729,0.22100000000000003,0.6133487437185929,-0.3923487437185929,glycolysis,0.24021739130434785,0.7597826086956522
yeast,0.6716582914572865,0.3283417085427135,0.22100000000000003,0.6179256281407036,-0.3969256281407036,glycolysis,0.24021739130434785,0.7597826086956522
yeast,0.6766331658291458,0.3233668341708542,0.22100000000000003,0.6225025125628142,-0.40150251256281416,glycolysis,0.24021739130434785,0.7597826086956522
yeast,0.6816080402010051,0.31839195979899493,0.22100000000000003,0.6270793969849247,-0.4060793969849246,glycolysis,0.24021739130434785,0.7597826086956522
yeast,0.6865829145728644,0.31341708542713564,0.22100000000000003,0.6316562814070352,-0.4106562814070352,glycolysis,0.24021739130434785,0.7597826086956522
yeast,0.6915577889447236,0.30844221105527636,0.22100000000000003,0.6362331658291458,-0.41523316582914577,glycolysis,0.24021739130434785,0.7597826086956522
yeast,0.6965326633165829,0.3034673366834171,0.22100000000000003,0.6408100502512564,-0.41981005025125634,glycolysis,0.24021739130434785,0.7597826086956522
yeast,0.7015075376884422,0.2984924623115578,0.22100000000000003,0.6453869346733668,-0.4243869346733668,glycolysis,0.24021739130434785,0.7597826086956522
yeast,0.7064824120603015,0.2935175879396985,0.22100000000000003,0.6499638190954774,-0.42896381909547737,glycolysis,0.24021739130434785,0.7597826086956522
yeast,0.7114572864321609,0.2885427135678391,0.22100000000000003,0.6545407035175881,-0.43354070351758806,glycolysis,0.24021739130434785,0.7597826086956522
yeast,0.7164321608040202,0.28356783919597983,0.22100000000000003,0.6591175879396985,-0.4381175879396985,glycolysis,0.24021739130434785,0.7597826086956522
yeast,0.7214070351758795,0.27859296482412055,0.22100000000000003,0.6636944723618091,-0.4426944723618091,glycolysis,0.24021739130434785,0.7597826086956522
yeast,0.7263819095477387,0.27361809045226126,0.22100000000000003,0.6682713567839197,-0.44727135678391966,glycolysis,0.24021739130434785,0.7597826086956522
yeast,0.731356783919598,0.268643216080402,0.22100000000000003,0.6728482412060303,-0.45184824120603023,glycolysis,0.24021739130434785,0.7597826086956522
yeast,0.7363316582914573,0.2636683417085427,0.22100000000000003,0.6774251256281407,-0.4564251256281407,glycolysis,0.24021739130434785,0.7597826086956522
yeast,0.7413065326633166,0.2586934673366834,0.22100000000000003,0.6820020100502513,-0.46100201005025127,glycolysis,0.24021739130434785,0.7597826086956522
yeast,0.7462814070351759,0.25371859296482413,0.22100000000000003,0.6865788944723619,-0.46557889447236184,glycolysis,0.24021739130434785,0.7597826086956522
yeast,0.7512562814070352,0.24874371859296485,0.22100000000000003,0.6911557788944723,-0.4701557788944723,glycolysis,0.24021739130434785,0.7597826086956522
yeast,0.7562311557788945,0.24376884422110545,0.22100000000000003,0.695732663316583,-0.474732663316583,glycolysis,0.24021739130434785,0.7597826086956522
yeast,0.7612060301507538,0.23879396984924617,0.22100000000000003,0.7003095477386936,-0.47930954773869355,glycolysis,0.24021739130434785,0.7597826086956522
yeast,0.7661809045226131,0.23381909547738688,0.22100000000000003,0.704886432160804,-0.483886432160804,glycolysis,0.24021739130434785,0.7597826086956522
yeast,0.7711557788944724,0.2288442211055276,0.22100000000000003,0.7094633165829146,-0.4884633165829146,glycolysis,0.24021739130434785,0.7597826086956522
yeast,0.7761306532663317,0.22386934673366832,0.22100000000000003,0.7140402010050252,-0.49304020100502516,glycolysis,0.24021739130434785,0.7597826086956522
yeast,0.781105527638191,0.21889447236180903,0.22100000000000003,0.7186170854271358,-0.49761708542713573,glycolysis,0.24021739130434785,0.7597826086956522
yeast,0.7860804020100502,0.21391959798994975,0.22100000000000003,0.7231939698492462,-0.5021939698492461,glycolysis,0.24021739130434785,0.7597826086956522
yeast,0.7910552763819095,0.20894472361809047,0.22100000000000003,0.7277708542713568,-0.5067708542713567,glycolysis,0.24021739130434785,0.7597826086956522
yeast,0.7960301507537689,0.20396984924623107,0.22100000000000003,0.7323477386934675,-0.5113477386934675,glycolysis,0.24021739130434785,0.7597826086956522
yeast,0.8010050251256282,0.1989949748743718,0.22100000000000003,0.7369246231155779,-0.5159246231155779,glycolysis,0.24021739130434785,0.7597826086956522
yeast,0.8059798994974875,0.1940201005025125,0.22100000000000003,0.7415015075376885,-0.5205015075376884,glycolysis,0.24021739130434785,0.7597826086956522
yeast,0.8109547738693468,0.18904522613065322,0.22100000000000003,0.7460783919597991,-0.525078391959799,glycolysis,0.24021739130434785,0.7597826086956522
yeast,0.8159296482412061,0.18407035175879394,0.22100000000000003,0.7506552763819097,-0.5296552763819096,glycolysis,0.24021739130434785,0.7597826086956522
yeast,0.8209045226130653,0.17909547738693465,0.22100000000000003,0.7552321608040201,-0.5342321608040201,glycolysis,0.24021739130434785,0.7597826086956522
yeast,0.8258793969849246,0.17412060301507537,0.22100000000000003,0.7598090452261307,-0.5388090452261307,glycolysis,0.24021739130434785,0.7597826086956522
yeast,0.8308542713567839,0.1691457286432161,0.22100000000000003,0.7643859296482413,-0.5433859296482413,glycolysis,0.24021739130434785,0.7597826086956522
yeast,0.8358291457286432,0.1641708542713568,0.22100000000000003,0.7689628140703518,-0.5479628140703519,glycolysis,0.24021739130434785,0.7597826086956522
yeast,0.8408040201005026,0.1591959798994974,0.22100000000000003,0.7735396984924624,-0.5525396984924624,glycolysis,0.24021739130434785,0.7597826086956522
yeast,0.8457788944723619,0.15422110552763812,0.22100000000000003,0.778116582914573,-0.557116582914573,glycolysis,0.24021739130434785,0.7597826086956522
yeast,0.8507537688442212,0.14924623115577884,0.22100000000000003,0.7826934673366835,-0.5616934673366836,glycolysis,0.24021739130434785,0.7597826086956522
yeast,0.8557286432160804,0.14427135678391956,0.22100000000000003,0.787270351758794,-0.5662703517587939,glycolysis,0.24021739130434785,0.7597826086956522
yeast,0.8607035175879397,0.13929648241206027,0.22100000000000003,0.7918472361809046,-0.5708472361809045,glycolysis,0.24021739130434785,0.7597826086956522
yeast,0.865678391959799,0.134321608040201,0.22100000000000003,0.7964241206030152,-0.5754241206030151,glycolysis,0.24021739130434785,0.7597826086956522
yeast,0.8706532663316583,0.1293467336683417,0.22100000000000003,0.8010010050251256,-0.5800010050251256,glycolysis,0.24021739130434785,0.7597826086956522
yeast,0.8756281407035176,0.12437185929648242,0.22100000000000003,0.8055778894472362,-0.5845778894472362,glycolysis,0.24021739130434785,0.7597826086956522
yeast,0.880603015075377,0.11939698492462303,0.22100000000000003,0.8101547738693469,-0.5891547738693468,glycolysis,0.24021739130434785,0.7597826086956522
yeast,0.8855778894472363,0.11442211055276374,0.22100000000000003,0.8147316582914574,-0.5937316582914574,glycolysis,0.24021739130434785,0.7597826086956522
yeast,0.8905527638190955,0.10944723618090446,0.22100000000000003,0.8193085427135679,-0.5983085427135679,glycolysis,0.24021739130434785,0.7597826086956522
yeast,0.8955276381909548,0.10447236180904518,0.22100000000000003,0.8238854271356785,-0.6028854271356785,glycolysis,0.24021739130434785,0.7597826086956522
yeast,0.9005025125628141,0.0994974874371859,0.22100000000000003,0.828462311557789,-0.6074623115577891,glycolysis,0.24021739130434785,0.7597826086956522
yeast,0.9054773869346734,0.09452261306532661,0.22100000000000003,0.8330391959798995,-0.6120391959798994,glycolysis,0.24021739130434785,0.7597826086956522
yeast,0.9104522613065327,0.08954773869346733,0.22100000000000003,0.8376160804020101,-0.61661608040201,glycolysis,0.24021739130434785,0.7597826086956522
yeast,0.915427135678392,0.08457286432160804,0.22100000000000003,0.8421929648241206,-0.6211929648241206,glycolysis,0.24021739130434785,0.7597826086956522
yeast,0.9204020100502512,0.07959798994974876,0.22100000000000003,0.8467698492462312,-0.6257698492462311,glycolysis,0.24021739130434785,0.7597826086956522
yeast,0.9253768844221106,0.07462311557788937,0.22100000000000003,0.8513467336683418,-0.6303467336683417,glycolysis,0.24021739130434785,0.7597826086956522
yeast,0.9303517587939699,0.06964824120603008,0.22100000000000003,0.8559236180904524,-0.6349236180904523,glycolysis,0.24021739130434785,0.7597826086956522
yeast,0.9353266331658292,0.0646733668341708,0.22100000000000003,0.8605005025125629,-0.6395005025125629,glycolysis,0.24021739130434785,0.7597826086956522
yeast,0.9403015075376885,0.059698492462311514,0.22100000000000003,0.8650773869346734,-0.6440773869346734,glycolysis,0.24021739130434785,0.7597826086956522
yeast,0.9452763819095478,0.05472361809045223,0.22100000000000003,0.869654271356784,-0.648654271356784,glycolysis,0.24021739130434785,0.7597826086956522
yeast,0.950251256281407,0.04974874371859295,0.22100000000000003,0.8742311557788945,-0.6532311557788946,glycolysis,0.24021739130434785,0.7597826086956522
yeast,0.9552261306532663,0.044773869346733663,0.22100000000000003,0.8788080402010051,-0.6578080402010051,glycolysis,0.24021739130434785,0.7597826086956522
yeast,0.9602010050251256,0.03979899497487438,0.22100000000000003,0.8833849246231156,-0.6623849246231155,glycolysis,0.24021739130434785,0.7597826086956522
yeast,0.9651758793969849,0.034824120603015096,0.22100000000000003,0.8879618090452261,-0.6669618090452261,glycolysis,0.24021739130434785,0.7597826086956522
yeast,0.9701507537688443,0.0298492462311557,0.22100000000000003,0.8925386934673368,-0.6715386934673369,glycolysis,0.24021739130434785,0.7597826086956522
yeast,0.9751256281407036,0.024874371859296418,0.22100000000000003,0.8971155778894473,-0.6761155778894472,glycolysis,0.24021739130434785,0.7597826086956522
yeast,0.9801005025125629,0.019899497487437134,0.22100000000000003,0.9016924623115579,-0.6806924623115578,glycolysis,0.24021739130434785,0.7597826086956522
yeast,0.9850753768844221,0.01492462311557785,0.22100000000000003,0.9062693467336684,-0.6852693467336683,glycolysis,0.24021739130434785,0.7597826086956522
yeast,0.9900502512562814,0.009949748743718567,0.22100000000000003,0.910846231155779,-0.6898462311557789,glycolysis,0.24021739130434785,0.7597826086956522
yeast,0.9950251256281407,0.004974874371859284,0.22100000000000003,0.9154231155778895,-0.6944231155778895,glycolysis,0.24021739130434785,0.7597826086956522
yeast,1.0,0.0,0.22100000000000003,0.92,-0.6990000000000001,glycolysis,0.24021739130434785,0.7597826086956522
mammalian,0.01,0.99,0.128,0.0078000000000000005,0.1202,respiration,0.1641025641025641,0.8358974358974359
mammalian,0.014974874371859296,0.9850251256281407,0.128,0.011680402010050252,0.11631959798994976,respiration,0.1641025641025641,0.8358974358974359
mammalian,0.019949748743718593,0.9800502512562814,0.128,0.015560804020100504,0.1124391959798995,respiration,0.1641025641025641,0.8358974358974359
mammalian,0.024924623115577887,0.9750753768844221,0.128,0.019441206030150752,0.10855879396984924,respiration,0.1641025641025641,0.8358974358974359
mammalian,0.029899497487437185,0.9701005025125629,0.128,0.023321608040201006,0.104678391959799,respiration,0.1641025641025641,0.8358974358974359
mammalian,0.03487437185929648,0.9651256281407035,0.128,0.027202010050251257,0.10079798994974874,respiration,0.1641025641025641,0.8358974358974359
mammalian,0.03984924623115578,0.9601507537688442,0.128,0.03108241206030151,0.09691758793969849,respiration,0.1641025641025641,0.8358974358974359
mammalian,0.04482412060301508,0.9551758793969849,0.128,0.03496281407035176,0.09303718592964824,respiration,0.1641025641025641,0.8358974358974359
mammalian,0.049798994974874375,0.9502010050251256,0.128,0.03884321608040201,0.089156783919598,respiration,0.1641025641025641,0.8358974358974359
mammalian,0.05477386934673367,0.9452261306532663,0.128,0.04272361809045227,0.08527638190954773,respiration,0.1641025641025641,0.8358974358974359
mammalian,0.05974874371859297,0.940251256281407,0.128,0.04660402010050252,0.08139597989949748,respiration,0.1641025641025641,0.8358974358974359
mammalian,0.06472361809045227,0.9352763819095478,0.128,0.05048442211055277,0.07751557788944724,respiration,0.1641025641025641,0.8358974358974359
mammalian,0.06969849246231155,0.9303015075376885,0.128,0.05436482412060301,0.073635175879397,respiration,0.1641025641025641,0.8358974358974359
mammalian,0.07467336683417085,0.9253266331658292,0.128,0.05824522613065326,0.06975477386934674,respiration,0.1641025641025641,0.8358974358974359
mammalian,0.07964824120603015,0.9203517587939698,0.128,0.062125628140703514,0.06587437185929648,respiration,0.1641025641025641,0.8358974358974359
mammalian,0.08462311557788944,0.9153768844221105,0.128,0.06600603015075376,0.06199396984924624,respiration,0.1641025641025641,0.8358974358974359
mammalian,0.08959798994974874,0.9104020100502512,0.128,0.06988643216080402,0.05811356783919598,respiration,0.1641025641025641,0.8358974358974359
mammalian,0.09457286432160804,0.905427135678392,0.128,0.07376683417085428,0.054233165829145724,respiration,0.1641025641025641,0.8358974358974359
mammalian,0.09954773869346734,0.9004522613065327,0.128,0.07764723618090452,0.05035276381909548,respiration,0.1641025641025641,0.8358974358974359
mammalian,0.10452261306532663,0.8954773869346734,0.128,0.08152763819095478,0.04647236180904522,respiration,0.1641025641025641,0.8358974358974359
mammalian,0.10949748743718593,0.8905025125628141,0.128,0.08540804020100502,0.04259195979899498,respiration,0.1641025641025641,0.8358974358974359
mammalian,0.11447236180904523,0.8855276381909548,0.128,0.08928844221105528,0.03871155778894472,respiration,0.1641025641025641,0.8358974358974359
mammalian,0.11944723618090453,0.8805527638190955,0.128,0.09316884422110554,0.034831155778894465,respiration,0.1641025641025641,0.8358974358974359
mammalian,0.12442211055276382,0.8755778894472361,0.128,0.09704924623115578,0.030950753768844222,respiration,0.1641025641025641,0.8358974358974359
mammalian,0.12939698492462312,0.8706030150753769,0.128,0.10092964824120604,0.027070351758793965,respiration,0.1641025641025641,0.8358974358974359
mammalian,0.1343718592964824,0.8656281407035176,0.128,0.10481005025125628,0.02318994974874372,respiration,0.1641025641025641,0.8358974358974359
mammalian,0.13934673366834172,0.8606532663316583,0.128,0.10869045226130654,0.019309547738693464,respiration,0.1641025641025641,0.8358974358974359
mammalian,0.14432160804020103,0.855678391959799,0.128,0.11257085427135681,0.015429145728643193,respiration,0.1641025641025641,0.8358974358974359
mammalian,0.1492964824120603,0.8507035175879397,0.128,0.11645125628140704,0.011548743718592963,respiration,0.1641025641025641,0.8358974358974359
mammalian,0.15427135678391962,0.8457286432160804,0.128,0.12033165829145731,0.007668341708542692,respiration,0.1641025641025641,0.8358974358974359
mammalian,0.1592462311557789,0.840753768844221,0.128,0.12421206030150755,0.0037879396984924485,respiration,0.1641025641025641,0.8358974358974359
mammalian,0.16422110552763822,0.8357788944723618,0.128,0.12809246231155783,-9.24623115578227e-05,glycolysis,0.1641025641025641,0.8358974358974359
mammalian,0.1691959798994975,0.8308040201005025,0.128,0.13197286432160807,-0.003972864321608066,glycolysis,0.1641025641025641,0.8358974358974359
mammalian,0.17417085427135678,0.8258291457286432,0.128,0.13585326633165828,-0.007853266331658282,glycolysis,0.1641025641025641,0.8358974358974359
mammalian,0.1791457286432161,0.8208542713567839,0.128,0.13973366834170856,-0.011733668341708553,glycolysis,0.1641025641025641,0.8358974358974359
mammalian,0.18412060301507538,0.8158793969849246,0.128,0.1436140703517588,-0.015614070351758796,glycolysis,0.1641025641025641,0.8358974358974359
mammalian,0.1890954773869347,0.8109045226130653,0.128,0.14749447236180907,-0.019494472361809068,glycolysis,0.1641025641025641,0.8358974358974359
mammalian,0.19407035175879397,0.805929648241206,0.128,0.1513748743718593,-0.02337487437185931,glycolysis,0.1641025641025641,0.8358974358974359
mammalian,0.19904522613065329,0.8009547738693468,0.128,0.15525527638190956,-0.027255276381909554,glycolysis,0.1641025641025641,0.8358974358974359
mammalian,0.20402010050251257,0.7959798994974874,0.128,0.1591356783919598,-0.031135678391959798,glycolysis,0.1641025641025641,0.8358974358974359
mammalian,0.20899497487437188,0.7910050251256281,0.128,0.16301608040201007,-0.03501608040201007,glycolysis,0.1641025641025641,0.8358974358974359
mammalian,0.21396984924623116,0.7860301507537688,0.128,0.16689648241206032,-0.03889648241206031,glycolysis,0.1641025641025641,0.8358974358974359
mammalian,0.21894472361809048,0.7810552763819095,0.128,0.1707768844221106,-0.042776884422110584,glycolysis,0.1641025641025641,0.8358974358974359
mammalian,0.22391959798994976,0.7760804020100502,0.128,0.17465728643216083,-0.04665728643216083,glycolysis,0.1641025641025641,0.8358974358974359
mammalian,0.22889447236180907,0.771105527638191,0.128,0.17853768844221107,-0.05053768844221107,glycolysis,0.1641025641025641,0.8358974358974359
mammalian,0.23386934673366835,0.7661306532663317,0.128,0.18241809045226132,-0.054418090452261314,glycolysis,0.1641025641025641,0.8358974358974359
mammalian,0.23884422110552767,0.7611557788944723,0.128,0.1862984924623116,-0.058298492462311585,glycolysis,0.1641025641025641,0.8358974358974359
mammalian,0.24381909547738695,0.7561809045226131,0.128,0.19017889447236183,-0.06217889447236183,glycolysis,0.1641025641025641,0.8358974358974359
mammalian,0.24879396984924623,0.7512060301507537,0.128,0.19405929648241207,-0.06605929648241207,glycolysis,0.1641025641025641,0.8358974358974359
mammalian,0.2537688442211055,0.7462311557788945,0.128,0.19793969849246232,-0.06993969849246232,glycolysis,0.1641025641025641,0.8358974358974359
mammalian,0.2587437185929648,0.7412562814070351,0.128,0.20182010050251256,-0.07382010050251256,glycolysis,0.1641025641025641,0.8358974358974359
mammalian,0.26371859296482414,0.7362814070351759,0.128,0.20570050251256283,-0.07770050251256283,glycolysis,0.1641025641025641,0.8358974358974359
mammalian,0.2686934673366834,0.7313065326633166,0.128,0.20958090452261308,-0.08158090452261307,glycolysis,0.1641025641025641,0.8358974358974359
mammalian,0.2736683417085427,0.7263316582914573,0.128,0.21346130653266332,-0.08546130653266332,glycolysis,0.1641025641025641,0.8358974358974359
mammalian,0.27864321608040205,0.721356783919598,0.128,0.2173417085427136,-0.08934170854271359,glycolysis,0.1641025641025641,0.8358974358974359
mammalian,0.28361809045226133,0.7163819095477386,0.128,0.22122211055276383,-0.09322211055276383,glycolysis,0.1641025641025641,0.8358974358974359
mammalian,0.2885929648241206,0.7114070351758794,0.128,0.22510251256281408,-0.09710251256281408,glycolysis,0.1641025641025641,0.8358974358974359
mammalian,0.2935678391959799,0.70643216080402,0.128,0.22898291457286432,-0.10098291457286432,glycolysis,0.1641025641025641,0.8358974358974359
mammalian,0.29854271356783924,0.7014572864321608,0.128,0.23286331658291462,-0.10486331658291462,glycolysis,0.1641025641025641,0.8358974358974359
mammalian,0.3035175879396985,0.6964824120603015,0.128,0.23674371859296486,-0.10874371859296486,glycolysis,0.1641025641025641,0.8358974358974359
mammalian,0.3084924623115578,0.6915075376884422,0.128,0.2406241206030151,-0.1126241206030151,glycolysis,0.1641025641025641,0.8358974358974359
mammalian,0.3134673366834171,0.6865326633165829,0.128,0.24450452261306532,-0.11650452261306532,glycolysis,0.1641025641025641,0.8358974358974359
mammalian,0.3184422110552764,0.6815577889447235,0.128,0.24838492462311562,-0.12038492462311562,glycolysis,0.1641025641025641,0.8358974358974359
mammalian,0.3234170854271357,0.6765829145728643,0.128,0.25226532663316587,-0.12426532663316586,glycolysis,0.1641025641025641,0.8358974358974359
mammalian,0.328391959798995,0.671608040201005,0.128,0.2561457286432161,-0.1281457286432161,glycolysis,0.1641025641025641,0.8358974358974359
mammalian,0.3333668341708543,0.6666331658291458,0.128,0.26002613065326635,-0.13202613065326635,glycolysis,0.1641025641025641,0.8358974358974359
mammalian,0.33834170854271356,0.6616582914572864,0.128,0.2639065326633166,-0.1359065326633166,glycolysis,0.1641025641025641,0.8358974358974359
mammalian,0.3433165829145729,0.6566834170854271,0.128,0.2677869346733669,-0.1397869346733669,glycolysis,0.1641025641025641,0.8358974358974359
mammalian,0.3482914572864322,0.6517085427135678,0.128,0.27166733668341714,-0.14366733668341714,glycolysis,0.1641025641025641,0.8358974358974359
mammalian,0.35326633165829147,0.6467336683417085,0.128,0.2755477386934673,-0.14754773869346732,glycolysis,0.1641025641025641,0.8358974358974359
mammalian,0.35824120603015075,0.6417587939698493,0.128,0.27942814070351757,-0.15142814070351757,glycolysis,0.1641025641025641,0.8358974358974359
mammalian,0.3632160804020101,0.6367839195979899,0.128,0.28330854271356787,-0.15530854271356787,glycolysis,0.1641025641025641,0.8358974358974359
mammalian,0.36819095477386937,0.6318090452261307,0.128,0.2871889447236181,-0.1591889447236181,glycolysis,0.1641025641025641,0.8358974358974359
mammalian,0.37316582914572866,0.6268341708542713,0.128,0.29106934673366835,-0.16306934673366835,glycolysis,0.1641025641025641,0.8358974358974359
mammalian,0.37814070351758794,0.6218592964824121,0.128,0.2949497487437186,-0.1669497487437186,glycolysis,0.1641025641025641,0.8358974358974359
mammalian,0.3831155778894473,0.6168844221105527,0.128,0.2988301507537689,-0.1708301507537689,glycolysis,0.1641025641025641,0.8358974358974359
mammalian,0.38809045226130656,0.6119095477386934,0.128,0.30271055276381914,-0.17471055276381914,glycolysis,0.1641025641025641,0.8358974358974359
mammalian,0.39306532663316585,0.6069346733668342,0.128,0.3065909547738694,-0.17859095477386938,glycolysis,0.1641025641025641,0.8358974358974359
mammalian,0.39804020100502513,0.6019597989949749,0.128,0.3104713567839196,-0.18247135678391962,glycolysis,0.1641025641025641,0.8358974358974359
mammalian,0.40301507537688447,0.5969849246231156,0.128,0.31435175879396987,-0.18635175879396987,glycolysis,0.1641025641025641,0.8358974358974359
mammalian,0.40798994974874375,0.5920100502512562,0.128,0.3182321608040201,-0.1902321608040201,glycolysis,0.1641025641025641,0.8358974358974359
mammalian,0.41296482412060304,0.587035175879397,0.128,0.32211256281407036,-0.19411256281407036,glycolysis,0.1641025641025641,0.8358974358974359
mammalian,0.4179396984924623,0.5820603015075376,0.128,0.3259929648241206,-0.1979929648241206,glycolysis,0.1641025641025641,0.8358974358974359
mammalian,0.4229145728643216,0.5770854271356785,0.128,0.32987336683417084,-0.20187336683417084,glycolysis,0.1641025641025641,0.8358974358974359
mammalian,0.42788944723618094,0.5721105527638191,0.128,0.33375376884422114,-0.20575376884422114,glycolysis,0.1641025641025641,0.8358974358974359
mammalian,0.4328643216080402,0.5671356783919598,0.128,0.3376341708542714,-0.20963417085427138,glycolysis,0.1641025641025641,0.8358974358974359
mammalian,0.4378391959798995,0.5621608040201005,0.128,0.34151457286432163,-0.21351457286432163,glycolysis,0.1641025641025641,0.8358974358974359
mammalian,0.4428140703517588,0.5571859296482412,0.128,0.3453949748743719,-0.21739497487437187,glycolysis,0.1641025641025641,0.8358974358974359
mammalian,0.44778894472361813,0.5522110552763819,0.128,0.3492753768844222,-0.22127537688442217,glycolysis,0.1641025641025641,0.8358974358974359
mammalian,0.4527638190954774,0.5472361809045225,0.128,0.3531557788944724,-0.2251557788944724,glycolysis,0.1641025641025641,0.8358974358974359
mammalian,0.4577386934673367,0.5422613065326634,0.128,0.35703618090452266,-0.22903618090452266,glycolysis,0.1641025641025641,0.8358974358974359
mammalian,0.462713567839196,0.537286432160804,0.128,0.3609165829145729,-0.2329165829145729,glycolysis,0.1641025641025641,0.8358974358974359
mammalian,0.4676884422110553,0.5323115577889447,0.128,0.36479698492462315,-0.23679698492462314,glycolysis,0.1641025641025641,0.8358974358974359
mammalian,0.4726633165829146,0.5273366834170854,0.128,0.3686773869346734,-0.2406773869346734,glycolysis,0.1641025641025641,0.8358974358974359
mammalian,0.4776381909547739,0.5223618090452261,0.128,0.37255778894472363,-0.24455778894472363,glycolysis,0.1641025641025641,0.8358974358974359
mammalian,0.4826130653266332,0.5173869346733668,0.128,0.3764381909547739,-0.24843819095477387,glycolysis,0.1641025641025641,0.8358974358974359
mammalian,0.48758793969849246,0.5124120603015075,0.128,0.3803185929648241,-0.2523185929648241,glycolysis,0.1641025641025641,0.8358974358974359
mammalian,0.4925628140703518,0.5074371859296483,0.128,0.3841989949748744,-0.2561989949748744,glycolysis,0.1641025641025641,0.8358974358974359
mammalian,0.4975376884422111,0.5024623115577889,0.128,0.38807939698492466,-0.26007939698492466,glycolysis,0.1641025641025641,0.8358974358974359
mammalian,0.5025125628140703,0.4974874371859297,0.128,0.39195979899497485,-0.26395979899497485,glycolysis,0.1641025641025641,0.8358974358974359
mammalian,0.5074874371859296,0.4925125628140704,0.128,0.3958402010050251,-0.2678402010050251,glycolysis,0.1641025641025641,0.8358974358974359
mammalian,0.512462311557789,0.487537688442211,0.128,0.39972060301507545,-0.27172060301507545,glycolysis,0.1641025641025641,0.8358974358974359
mammalian,0.5174371859296483,0.48256281407035173,0.128,0.40360100502512564,-0.27560100502512563,glycolysis,0.1641025641025641,0.8358974358974359
mammalian,0.5224120603015076,0.47758793969849245,0.128,0.4074814070351759,-0.2794814070351759,glycolysis,0.1641025641025641,0.8358974358974359
mammalian,0.5273869346733668,0.47261306532663316,0.128,0.4113618090452261,-0.2833618090452261,glycolysis,0.1641025641025641,0.8358974358974359
mammalian,0.5323618090452261,0.4676381909547739,0.128,0.41524221105527637,-0.28724221105527636,glycolysis,0.1641025641025641,0.8358974358974359
mammalian,0.5373366834170854,0.4626633165829146,0.128,0.4191226130653266,-0.2911226130653266,glycolysis,0.1641025641025641,0.8358974358974359
mammalian,0.5423115577889448,0.4576884422110552,0.128,0.42300301507537696,-0.29500301507537696,glycolysis,0.1641025641025641,0.8358974358974359
mammalian,0.5472864321608041,0.4527135678391959,0.128,0.4268834170854272,-0.2988834170854272,glycolysis,0.1641025641025641,0.8358974358974359
mammalian,0.5522613065326634,0.44773869346733663,0.128,0.43076381909547745,-0.30276381909547745,glycolysis,0.1641025641025641,0.8358974358974359
mammalian,0.5572361809045226,0.44276381909547735,0.128,0.4346442211055277,-0.3066442211055277,glycolysis,0.1641025641025641,0.8358974358974359
mammalian,0.5622110552763819,0.43778894472361807,0.128,0.43852462311557794,-0.31052462311557794,glycolysis,0.1641025641025641,0.8358974358974359
mammalian,0.5671859296482412,0.4328140703517588,0.128,0.4424050251256282,-0.3144050251256282,glycolysis,0.1641025641025641,0.8358974358974359
mammalian,0.5721608040201005,0.4278391959798995,0.128,0.4462854271356784,-0.3182854271356784,glycolysis,0.1641025641025641,0.8358974358974359
mammalian,0.5771356783919598,0.4228643216080402,0.128,0.45016582914572867,-0.32216582914572867,glycolysis,0.1641025641025641,0.8358974358974359
mammalian,0.5821105527638191,0.41788944723618093,0.128,0.4540462311557789,-0.3260462311557789,glycolysis,0.1641025641025641,0.8358974358974359
mammalian,0.5870854271356785,0.41291457286432154,0.128,0.4579266331658292,-0.3299266331658292,glycolysis,0.1641025641025641,0.8358974358974359
mammalian,0.5920603015075377,0.40793969849246225,0.128,0.46180703517587945,-0.33380703517587945,glycolysis,0.1641025641025641,0.8358974358974359
mammalian,0.597035175879397,0.40296482412060297,0.128,0.4656874371859297,-0.3376874371859297,glycolysis,0.1641025641025641,0.8358974358974359
mammalian,0.6020100502512563,0.3979899497487437,0.128,0.46956783919597994,-0.34156783919597994,glycolysis,0.1641025641025641,0.8358974358974359
mammalian,0.6069849246231156,0.3930150753768844,0.128,0.4734482412060302,-0.3454482412060302,glycolysis,0.1641025641025641,0.8358974358974359
mammalian,0.6119597989949749,0.3880402010050251,0.128,0.47732864321608043,-0.3493286432160804,glycolysis,0.1641025641025641,0.8358974358974359
mammalian,0.6169346733668342,0.38306532663316584,0.128,0.48120904522613067,-0.35320904522613067,glycolysis,0.1641025641025641,0.8358974358974359
mammalian,0.6219095477386934,0.37809045226130655,0.128,0.4850894472361809,-0.3570894472361809,glycolysis,0.1641025641025641,0.8358974358974359
mammalian,0.6268844221105528,0.37311557788944716,0.128,0.4889698492462312,-0.3609698492462312,glycolysis,0.1641025641025641,0.8358974358974359
mammalian,0.6318592964824121,0.3681407035175879,0.128,0.49285025125628146,-0.36485025125628145,glycolysis,0.1641025641025641,0.8358974358974359
mammalian,0.6368341708542714,0.3631658291457286,0.128,0.4967306532663317,-0.3687306532663317,glycolysis,0.1641025641025641,0.8358974358974359
mammalian,0.6418090452261307,0.3581909547738693,0.128,0.5006110552763819,-0.37261105527638194,glycolysis,0.1641025641025641,0.8358974358974359
mammalian,0.64678391959799,0.35321608040201,0.128,0.5044914572864322,-0.3764914572864322,glycolysis,0.1641025641025641,0.8358974358974359
mammalian,0.6517587939698493,0.34824120603015074,0.128,0.5083718592964824,-0.38037185929648243,glycolysis,0.1641025641025641,0.8358974358974359
mammalian,0.6567336683417085,0.34326633165829146,0.128,0.5122522613065327,-0.38425226130653267,glycolysis,0.1641025641025641,0.8358974358974359
mammalian,0.6617085427135678,0.3382914572864322,0.128,0.5161326633165829,-0.3881326633165829,glycolysis,0.1641025641025641,0.8358974358974359
mammalian,0.6666834170854271,0.3333165829145729,0.128,0.5200130653266332,-0.39201306532663316,glycolysis,0.1641025641025641,0.8358974358974359
mammalian,0.6716582914572865,0.3283417085427135,0.128,0.5238934673366835,-0.3958934673366835,glycolysis,0.1641025641025641,0.8358974358974359
mammalian,0.6766331658291458,0.3233668341708542,0.128,0.5277738693467338,-0.39977386934673376,glycolysis,0.1641025641025641,0.8358974358974359
mammalian,0.6816080402010051,0.31839195979899493,0.128,0.531654271356784,-0.403654271356784,glycolysis,0.1641025641025641,0.8358974358974359
mammalian,0.6865829145728644,0.31341708542713564,0.128,0.5355346733668342,-0.40753467336683424,glycolysis,0.1641025641025641,0.8358974358974359
mammalian,0.6915577889447236,0.30844221105527636,0.128,0.5394150753768845,-0.4114150753768845,glycolysis,0.1641025641025641,0.8358974358974359
mammalian,0.6965326633165829,0.3034673366834171,0.128,0.5432954773869347,-0.41529547738693473,glycolysis,0.1641025641025641,0.8358974358974359
mammalian,0.7015075376884422,0.2984924623115578,0.128,0.547175879396985,-0.419175879396985,glycolysis,0.1641025641025641,0.8358974358974359
mammalian,0.7064824120603015,0.2935175879396985,0.128,0.5510562814070352,-0.4230562814070352,glycolysis,0.1641025641025641,0.8358974358974359
mammalian,0.7114572864321609,0.2885427135678391,0.128,0.5549366834170855,-0.42693668341708546,glycolysis,0.1641025641025641,0.8358974358974359
mammalian,0.7164321608040202,0.28356783919597983,0.128,0.5588170854271357,-0.4308170854271357,glycolysis,0.1641025641025641,0.8358974358974359
mammalian,0.7214070351758795,0.27859296482412055,0.128,0.562697487437186,-0.43469748743718595,glycolysis,0.1641025641025641,0.8358974358974359
mammalian,0.7263819095477387,0.27361809045226126,0.128,0.5665778894472362,-0.4385778894472362,glycolysis,0.1641025641025641,0.8358974358974359
mammalian,0.731356783919598,0.268643216080402,0.128,0.5704582914572864,-0.44245829145728643,glycolysis,0.1641025641025641,0.8358974358974359
mammalian,0.7363316582914573,0.2636683417085427,0.128,0.5743386934673367,-0.4463386934673367,glycolysis,0.1641025641025641,0.8358974358974359
mammalian,0.7413065326633166,0.2586934673366834,0.128,0.5782190954773869,-0.4502190954773869,glycolysis,0.1641025641025641,0.8358974358974359
mammalian,0.7462814070351759,0.25371859296482413,0.128,0.5820994974874372,-0.45409949748743716,glycolysis,0.1641025641025641,0.8358974358974359
mammalian,0.7512562814070352,0.24874371859296485,0.128,0.5859798994974874,-0.4579798994974874,glycolysis,0.1641025641025641,0.8358974358974359
mammalian,0.7562311557788945,0.24376884422110545,0.128,0.5898603015075378,-0.46186030150753776,glycolysis,0.1641025641025641,0.8358974358974359
mammalian,0.7612060301507538,0.23879396984924617,0.128,0.593740703517588,-0.465740703517588,glycolysis,0.1641025641025641,0.8358974358974359
mammalian,0.7661809045226131,0.23381909547738688,0.128,0.5976211055276383,-0.46962110552763825,glycolysis,0.1641025641025641,0.8358974358974359
mammalian,0.7711557788944724,0.2288442211055276,0.128,0.6015015075376885,-0.4735015075376885,glycolysis,0.1641025641025641,0.8358974358974359
mammalian,0.7761306532663317,0.22386934673366832,0.128,0.6053819095477387,-0.47738190954773874,glycolysis,0.1641025641025641,0.8358974358974359
mammalian,0.781105527638191,0.21889447236180903,0.128,0.609262311557789,-0.481262311557789,glycolysis,0.1641025641025641,0.8358974358974359
mammalian,0.7860804020100502,0.21391959798994975,0.128,0.6131427135678392,-0.4851427135678392,glycolysis,0.1641025641025641,0.8358974358974359
mammalian,0.7910552763819095,0.20894472361809047,0.128,0.6170231155778895,-0.48902311557788947,glycolysis,0.1641025641025641,0.8358974358974359
mammalian,0.7960301507537689,0.20396984924623107,0.128,0.6209035175879398,-0.4929035175879398,glycolysis,0.1641025641025641,0.8358974358974359
mammalian,0.8010050251256282,0.1989949748743718,0.128,0.6247839195979901,-0.49678391959799006,glycolysis,0.1641025641025641,0.8358974358974359
mammalian,0.8059798994974875,0.1940201005025125,0.128,0.6286643216080403,-0.5006643216080403,glycolysis,0.1641025641025641,0.8358974358974359
mammalian,0.8109547738693468,0.18904522613065322,0.128,0.6325447236180906,-0.5045447236180906,glycolysis,0.1641025641025641,0.8358974358974359
mammalian,0.8159296482412061,0.18407035175879394,0.128,0.6364251256281408,-0.5084251256281408,glycolysis,0.1641025641025641,0.8358974358974359
mammalian,0.8209045226130653,0.17909547738693465,0.128,0.640305527638191,-0.512305527638191,glycolysis,0.1641025641025641,0.8358974358974359
mammalian,0.8258793969849246,0.17412060301507537,0.128,0.6441859296482413,-0.5161859296482413,glycolysis,0.1641025641025641,0.8358974358974359
mammalian,0.8308542713567839,0.1691457286432161,0.128,0.6480663316582915,-0.5200663316582915,glycolysis,0.1641025641025641,0.8358974358974359
mammalian,0.8358291457286432,0.1641708542713568,0.128,0.6519467336683418,-0.5239467336683418,glycolysis,0.1641025641025641,0.8358974358974359
mammalian,0.8408040201005026,0.1591959798994974,0.128,0.655827135678392,-0.527827135678392,glycolysis,0.1641025641025641,0.8358974358974359
mammalian,0.8457788944723619,0.15422110552763812,0.128,0.6597075376884423,-0.5317075376884423,glycolysis,0.1641025641025641,0.8358974358974359
mammalian,0.8507537688442212,0.14924623115577884,0.128,0.6635879396984925,-0.5355879396984925,glycolysis,0.1641025641025641,0.8358974358974359
mammalian,0.8557286432160804,0.14427135678391956,0.128,0.6674683417085427,-0.5394683417085427,glycolysis,0.1641025641025641,0.8358974358974359
mammalian,0.8607035175879397,0.13929648241206027,0.128,0.671348743718593,-0.543348743718593,glycolysis,0.1641025641025641,0.8358974358974359
mammalian,0.865678391959799,0.134321608040201,0.128,0.6752291457286432,-0.5472291457286432,glycolysis,0.1641025641025641,0.8358974358974359
mammalian,0.8706532663316583,0.1293467336683417,0.128,0.6791095477386935,-0.5511095477386935,glycolysis,0.1641025641025641,0.8358974358974359
mammalian,0.8756281407035176,0.12437185929648242,0.128,0.6829899497487437,-0.5549899497487437,glycolysis,0.1641025641025641,0.8358974358974359
mammalian,0.880603015075377,0.11939698492462303,0.128,0.6868703517587941,-0.5588703517587941,glycolysis,0.1641025641025641,0.8358974358974359
mammalian,0.8855778894472363,0.11442211055276374,0.128,0.6907507537688443,-0.5627507537688443,glycolysis,0.1641025641025641,0.8358974358974359
mammalian,0.8905527638190955,0.10944723618090446,0.128,0.6946311557788946,-0.5666311557788946,glycolysis,0.1641025641025641,0.8358974358974359
mammalian,0.8955276381909548,0.10447236180904518,0.128,0.6985115577889448,-0.5705115577889448,glycolysis,0.1641025641025641,0.8358974358974359
mammalian,0.9005025125628141,0.0994974874371859,0.128,0.702391959798995,-0.574391959798995,glycolysis,0.1641025641025641,0.8358974358974359
mammalian,0.9054773869346734,0.09452261306532661,0.128,0.7062723618090453,-0.5782723618090453,glycolysis,0.1641025641025641,0.8358974358974359
mammalian,0.9104522613065327,0.08954773869346733,0.128,0.7101527638190955,-0.5821527638190955,glycolysis,0.1641025641025641,0.8358974358974359
mammalian,0.915427135678392,0.08457286432160804,0.128,0.7140331658291458,-0.5860331658291458,glycolysis,0.1641025641025641,0.8358974358974359
mammalian,0.9204020100502512,0.07959798994974876,0.128,0.717913567839196,-0.589913567839196,glycolysis,0.1641025641025641,0.8358974358974359
mammalian,0.9253768844221106,0.07462311557788937,0.128,0.7217939698492464,-0.5937939698492464,glycolysis,0.1641025641025641,0.8358974358974359
mammalian,0.9303517587939699,0.06964824120603008,0.128,0.7256743718592965,-0.5976743718592965,glycolysis,0.1641025641025641,0.8358974358974359
mammalian,0.9353266331658292,0.0646733668341708,0.128,0.7295547738693468,-0.6015547738693467,glycolysis,0.1641025641025641,0.8358974358974359
mammalian,0.9403015075376885,0.059698492462311514,0.128,0.733435175879397,-0.605435175879397,glycolysis,0.1641025641025641,0.8358974358974359
mammalian,0.9452763819095478,0.05472361809045223,0.128,0.7373155778894472,-0.6093155778894472,glycolysis,0.1641025641025641,0.8358974358974359
mammalian,0.950251256281407,0.04974874371859295,0.128,0.7411959798994975,-0.6131959798994975,glycolysis,0.1641025641025641,0.8358974358974359
mammalian,0.9552261306532663,0.044773869346733663,0.128,0.7450763819095477,-0.6170763819095477,glycolysis,0.1641025641025641,0.8358974358974359
mammalian,0.9602010050251256,0.03979899497487438,0.128,0.748956783919598,-0.620956783919598,glycolysis,0.1641025641025641,0.8358974358974359
mammalian,0.9651758793969849,0.034824120603015096,0.128,0.7528371859296482,-0.6248371859296482,glycolysis,0.1641025641025641,0.8358974358974359
mammalian,0.9701507537688443,0.0298492462311557,0.128,0.7567175879396986,-0.6287175879396986,glycolysis,0.1641025641025641,0.8358974358974359
mammalian,0.9751256281407036,0.024874371859296418,0.128,0.7605979899497488,-0.6325979899497488,glycolysis,0.1641025641025641,0.8358974358974359
mammalian,0.9801005025125629,0.019899497487437134,0.128,0.764478391959799,-0.636478391959799,glycolysis,0.1641025641025641,0.8358974358974359
mammalian,0.9850753768844221,0.01492462311557785,0.128,0.7683587939698493,-0.6403587939698493,glycolysis,0.1641025641025641,0.8358974358974359
mammalian,0.9900502512562814,0.009949748743718567,0.128,0.7722391959798995,-0.6442391959798995,glycolysis,0.1641025641025641,0.8358974358974359
mammalian,0.9950251256281407,0.004974874371859284,0.128,0.7761195979899498,-0.6481195979899498,glycolysis,0.1641025641025641,0.8358974358974359
mammalian,1.0,0.0,0.128,0.78,-0.652,glycolysis,0.1641025641025641,0.8358974358974359
